county_geo,geoid,name
36001,3600101000,"ALBANY, CITY OF"
36001,36001,ALBANY COUNTY
36001,3601000,"ALBANY, VILLAGE OF"
36001,3601517,"ALTAMONT, VILLAGE OF"
36001,3600106211,"BERNE, TOWN OF"
36001,3600106354,"BETHLEHEM, TOWN OF"
36001,3600116694,"COEYMANS, TOWN OF"
36001,3600116749,"COHOES, CITY OF"
36001,3616749,"COHOES, VILLAGE OF"
36001,3600117343,"COLONIE, TOWN OF"
36001,3617332,"COLONIE, VILLAGE OF"
36001,3600130532,"GREEN ISLAND, TOWN OF"
36001,3630521,"GREEN ISLAND, VILLAGE OF"
36001,3630609,"GREENVILLE, VILLAGE OF"
36001,3600131104,"GUILDERLAND, TOWN OF"
36001,3600140002,"KNOX, TOWN OF"
36001,3646536,"MENANDS, VILLAGE OF"
36001,3600150672,"NEW SCOTLAND, TOWN OF"
36001,3659831,"PRESTON-POTTER HOLLOW, VILLAGE OF"
36001,3660675,"RAVENA, VILLAGE OF"
36001,3661148,"RENSSELAER, VILLAGE OF"
36001,3600161181,"RENSSELAERVILLE, TOWN OF"
36001,3663924,"ROTTERDAM, VILLAGE OF"
36001,3665508,"SCHENECTADY, VILLAGE OF"
36001,3675484,"TROY, VILLAGE OF"
36001,3677684,"VOORHEESVILLE, VILLAGE OF"
36001,3600178674,"WATERVLIET, CITY OF"
36001,3678674,"WATERVLIET, VILLAGE OF"
36001,3600179851,"WESTERLO, TOWN OF"
36001,3680423,"WESTMERE, VILLAGE OF"
36003,3600301209,"ALFRED, TOWN OF"
36003,3601198,"ALFRED, VILLAGE OF"
36003,36003,ALLEGANY COUNTY
36003,3600301319,"ALLEN, TOWN OF"
36003,3600301429,"ALMA, TOWN OF"
36003,3600301451,"ALMOND, TOWN OF"
36003,3601440,"ALMOND, VILLAGE OF"
36003,3600302011,"AMITY, TOWN OF"
36003,3600302154,"ANDOVER, TOWN OF"
36003,3602143,"ANDOVER, VILLAGE OF"
36003,3600302187,"ANGELICA, TOWN OF"
36003,3602176,"ANGELICA, VILLAGE OF"
36003,3600305573,"BELFAST, TOWN OF"
36003,3605562,"BELFAST, VILLAGE OF"
36003,3605815,"BELMONT, VILLAGE OF"
36003,3600306717,"BIRDSALL, TOWN OF"
36003,3600307201,"BOLIVAR, TOWN OF"
36003,3607190,"BOLIVAR, VILLAGE OF"
36003,3600311253,"BURNS, TOWN OF"
36003,3612177,"CANASERAGA, VILLAGE OF"
36003,3600312243,"CANEADEA, TOWN OF"
36003,3600313475,"CENTERVILLE, TOWN OF"
36003,3600315990,"CLARKSVILLE, TOWN OF"
36003,3600319367,"CUBA, TOWN OF"
36003,3619356,"CUBA, VILLAGE OF"
36003,3625747,"FILLMORE, VILLAGE OF"
36003,3600327705,"FRIENDSHIP, TOWN OF"
36003,3627694,"FRIENDSHIP, VILLAGE OF"
36003,3600328563,"GENESEE, TOWN OF"
36003,3600329905,"GRANGER, TOWN OF"
36003,3600330994,"GROVE, TOWN OF"
36003,3635771,"HOUGHTON, VILLAGE OF"
36003,3600336112,"HUME, TOWN OF"
36003,3600337297,"INDEPENDENCE, TOWN OF"
36003,3600350375,"NEW HUDSON, TOWN OF"
36003,3600354523,"OIL SPRINGS, TOWN OF"
36003,3661434,"RICHBURG, VILLAGE OF"
36003,3600364166,"RUSHFORD, TOWN OF"
36003,3664155,"RUSHFORD, VILLAGE OF"
36003,3600365772,"SCIO, TOWN OF"
36003,3665761,"SCIO, VILLAGE OF"
36003,3670717,"STANNARDS, VILLAGE OF"
36003,3600378201,"WARD, TOWN OF"
36003,3600379103,"WELLSVILLE, TOWN OF"
36003,3679092,"WELLSVILLE, VILLAGE OF"
36003,3600379202,"WEST ALMOND, TOWN OF"
36003,3600382095,"WILLING, TOWN OF"
36003,3600382623,"WIRT, TOWN OF"
36005,36005,BRONX COUNTY
36005,3600508510,"BRONX, TOWN OF"
36005,3649121,"MOUNT VERNON, VILLAGE OF"
36005,3650617,"NEW ROCHELLE, VILLAGE OF"
36005,3651000,"NEW YORK, VILLAGE OF"
36005,3657023,"PELHAM MANOR, VILLAGE OF"
36005,3684000,"YONKERS, VILLAGE OF"
36007,3600704429,"BARKER, TOWN OF"
36007,3600706607,"BINGHAMTON, CITY OF"
36007,3600706618,"BINGHAMTON, TOWN OF"
36007,3606644,"BINGHAMTON UNIVERSITY, VILLAGE OF"
36007,3606607,"BINGHAMTON, VILLAGE OF"
36007,36007,BROOME COUNTY
36007,3615121,"CHENANGO BRIDGE, VILLAGE OF"
36007,3600715110,"CHENANGO, TOWN OF"
36007,3600717046,"COLESVILLE, TOWN OF"
36007,3600717772,"CONKLIN, TOWN OF"
36007,3620346,"DEPOSIT, VILLAGE OF"
36007,3600720588,"DICKINSON, TOWN OF"
36007,3624515,"ENDICOTT, VILLAGE OF"
36007,3624526,"ENDWELL, VILLAGE OF"
36007,3600725604,"FENTON, TOWN OF"
36007,3629058,"GLEN AUBREY, VILLAGE OF"
36007,3638748,"JOHNSON CITY, VILLAGE OF"
36007,3600739837,"KIRKWOOD, TOWN OF"
36007,3600742653,"LISLE, TOWN OF"
36007,3642642,"LISLE, VILLAGE OF"
36007,3600744611,"MAINE, TOWN OF"
36007,3600749396,"NANTICOKE, TOWN OF"
36007,3659245,"PORT DICKINSON, VILLAGE OF"
36007,3600765112,"SANFORD, TOWN OF"
36007,3600775319,"TRIANGLE, TOWN OF"
36007,3600776056,"UNION, TOWN OF"
36007,3600777255,"VESTAL, TOWN OF"
36007,3681831,"WHITNEY POINT, VILLAGE OF"
36007,3600782535,"WINDSOR, TOWN OF"
36007,3682524,"WINDSOR, VILLAGE OF"
36009,3600901297,"ALLEGANY, TOWN OF"
36009,3600901308,"ALLEGANY, TOWN OF"
36009,3601286,"ALLEGANY, VILLAGE OF"
36009,3602407,"ARCADE, VILLAGE OF"
36009,3600902759,"ASHFORD, TOWN OF"
36009,3600912661,"CARROLLTON, TOWN OF"
36009,36009,CATTARAUGUS COUNTY
36009,3600913035,"CATTARAUGUS, TOWN OF"
36009,3613024,"CATTARAUGUS, VILLAGE OF"
36009,3600916903,"COLDSPRING, TOWN OF"
36009,3600917684,"CONEWANGO, TOWN OF"
36009,3600919840,"DAYTON, TOWN OF"
36009,3620115,"DELEVAN, VILLAGE OF"
36009,3600922678,"EAST OTTO, TOWN OF"
36009,3622843,"EAST RANDOLPH, VILLAGE OF"
36009,3600924031,"ELLICOTTVILLE, TOWN OF"
36009,3624020,"ELLICOTTVILLE, VILLAGE OF"
36009,3600925340,"FARMERSVILLE, TOWN OF"
36009,3600927342,"FRANKLINVILLE, TOWN OF"
36009,3627331,"FRANKLINVILLE, VILLAGE OF"
36009,3600927441,"FREEDOM, TOWN OF"
36009,3629630,"GOWANDA, VILLAGE OF"
36009,3600930257,"GREAT VALLEY, TOWN OF"
36009,3600934946,"HINSDALE, TOWN OF"
36009,3600936123,"HUMPHREY, TOWN OF"
36009,3600937825,"ISCHUA, TOWN OF"
36009,3600941982,"LEON, TOWN OF"
36009,3642345,"LIME LAKE, VILLAGE OF"
36009,3642378,"LIMESTONE, VILLAGE OF"
36009,3600942840,"LITTLE VALLEY, TOWN OF"
36009,3642829,"LITTLE VALLEY, VILLAGE OF"
36009,3600943896,"LYNDON, TOWN OF"
36009,3600944237,"MACHIAS, TOWN OF"
36009,3644226,"MACHIAS, VILLAGE OF"
36009,3600945161,"MANSFIELD, TOWN OF"
36009,3600949462,"NAPOLI, TOWN OF"
36009,3600949880,"NEW ALBION, TOWN OF"
36009,3600954523,"OIL SPRINGS, TOWN OF"
36009,3600954716,"OLEAN, CITY OF"
36009,3600954727,"OLEAN, TOWN OF"
36009,3654716,"OLEAN, VILLAGE OF"
36009,3600955783,"OTTO, TOWN OF"
36009,3600957298,"PERRYSBURG, TOWN OF"
36009,3657287,"PERRYSBURG, VILLAGE OF"
36009,3600957331,"PERSIA, TOWN OF"
36009,3600959509,"PORTVILLE, TOWN OF"
36009,3659498,"PORTVILLE, VILLAGE OF"
36009,3600960587,"RANDOLPH, TOWN OF"
36009,3660576,"RANDOLPH, VILLAGE OF"
36009,3600960950,"RED HOUSE, TOWN OF"
36009,3600964749,"SALAMANCA, CITY OF"
36009,3600964760,"SALAMANCA, TOWN OF"
36009,3664749,"SALAMANCA, VILLAGE OF"
36009,3668891,"SOUTH DAYTON, VILLAGE OF"
36009,3600969870,"SOUTH VALLEY, TOWN OF"
36009,3664551,"ST. BONAVENTURE, VILLAGE OF"
36009,3680632,"WESTON MILLS, VILLAGE OF"
36009,3681138,"WEST VALLEY, VILLAGE OF"
36009,3600984055,"YORKSHIRE, TOWN OF"
36009,3684044,"YORKSHIRE, VILLAGE OF"
36011,3601103078,"AUBURN, CITY OF"
36011,3603078,"AUBURN, VILLAGE OF"
36011,3601103166,"AURELIUS, TOWN OF"
36011,3603188,"AURORA, VILLAGE OF"
36011,3601110297,"BRUTUS, TOWN OF"
36011,3601112969,"CATO, TOWN OF"
36011,3612958,"CATO, VILLAGE OF"
36011,36011,CAYUGA COUNTY
36011,3613068,"CAYUGA, VILLAGE OF"
36011,3601117849,"CONQUEST, TOWN OF"
36011,3601100000,"COUNTY SUBDIVISIONS NOT DEFINED, TOWN OF"
36011,3624988,"FAIR HAVEN, VILLAGE OF"
36011,3601126231,"FLEMING, TOWN OF"
36011,3601128673,"GENOA, TOWN OF"
36011,3601137660,"IRA, TOWN OF"
36011,3601141740,"LEDYARD, TOWN OF"
36011,3601143071,"LOCKE, TOWN OF"
36011,3646503,"MELROSE PARK, VILLAGE OF"
36011,3601146602,"MENTZ, TOWN OF"
36011,3646646,"MERIDIAN, VILLAGE OF"
36011,3601148131,"MONTEZUMA, TOWN OF"
36011,3601148307,"MORAVIA, TOWN OF"
36011,3648296,"MORAVIA, VILLAGE OF"
36011,3601151198,"NILES, TOWN OF"
36011,3601155871,"OWASCO, TOWN OF"
36011,3659212,"PORT BYRON, VILLAGE OF"
36011,3660829,"RED CREEK, VILLAGE OF"
36011,3601165816,"SCIPIO, TOWN OF"
36011,3601166278,"SEMPRONIUS, TOWN OF"
36011,3601166443,"SENNETT, TOWN OF"
36011,3601170376,"SPRINGPORT, TOWN OF"
36011,3601171146,"STERLING, TOWN OF"
36011,3601172037,"SUMMERHILL, TOWN OF"
36011,3601173770,"THROOP, TOWN OF"
36011,3676155,"UNION SPRINGS, VILLAGE OF"
36011,3601177024,"VENICE, TOWN OF"
36011,3601177420,"VICTORY, TOWN OF"
36011,3679015,"WEEDSPORT, VILLAGE OF"
36013,3601302605,"ARKWRIGHT, TOWN OF"
36013,3605848,"BEMUS POINT, VILLAGE OF"
36013,3608488,"BROCTON, VILLAGE OF"
36013,3601311451,"BUSTI, TOWN OF"
36013,3611440,"BUSTI, VILLAGE OF"
36013,3601312639,"CARROLL, TOWN OF"
36013,3612749,"CASSADAGA, VILLAGE OF"
36013,3601313035,"CATTARAUGUS, TOWN OF"
36013,3613288,"CELORON, VILLAGE OF"
36013,3601313860,"CHARLOTTE, TOWN OF"
36013,36013,CHAUTAUQUA COUNTY
36013,3601314072,"CHAUTAUQUA LAKE, TOWN OF"
36013,3601314069,"CHAUTAUQUA, TOWN OF"
36013,3614058,"CHAUTAUQUA, VILLAGE OF"
36013,3601315198,"CHERRY CREEK, TOWN OF"
36013,3615187,"CHERRY CREEK, VILLAGE OF"
36013,3601316595,"CLYMER, TOWN OF"
36013,3601300000,"COUNTY SUBDIVISIONS NOT DEFINED, TOWN OF"
36013,3601321105,"DUNKIRK, CITY OF"
36013,3601321116,"DUNKIRK, TOWN OF"
36013,3621105,"DUNKIRK, VILLAGE OF"
36013,3601323976,"ELLERY, TOWN OF"
36013,3601323998,"ELLICOTT, TOWN OF"
36013,3601324053,"ELLINGTON, TOWN OF"
36013,3625164,"FALCONER, VILLAGE OF"
36013,3626649,"FORESTVILLE, VILLAGE OF"
36013,3627419,"FREDONIA, VILLAGE OF"
36013,3601327606,"FRENCH CREEK, TOWN OF"
36013,3627672,"FREWSBURG, VILLAGE OF"
36013,3601328838,"GERRY, TOWN OF"
36013,3601332050,"HANOVER, TOWN OF"
36013,3601332248,"HARMONY, TOWN OF"
36013,3601338264,"JAMESTOWN, CITY OF"
36013,3638264,"JAMESTOWN, VILLAGE OF"
36013,3638275,"JAMESTOWN WEST, VILLAGE OF"
36013,3639243,"KENNEDY, VILLAGE OF"
36013,3601339507,"KIANTONE, TOWN OF"
36013,3641069,"LAKEWOOD, VILLAGE OF"
36013,3646239,"MAYVILLE, VILLAGE OF"
36013,3601347592,"MINA, TOWN OF"
36013,3601352155,"NORTH HARMONY, TOWN OF"
36013,3656231,"PANAMA, VILLAGE OF"
36013,3601358926,"POLAND, TOWN OF"
36013,3601358981,"POMFRET, TOWN OF"
36013,3601359421,"PORTLAND, TOWN OF"
36013,3601361885,"RIPLEY, TOWN OF"
36013,3661874,"RIPLEY, VILLAGE OF"
36013,3601366916,"SHERIDAN, TOWN OF"
36013,3601366960,"SHERMAN, TOWN OF"
36013,3666949,"SHERMAN, VILLAGE OF"
36013,3667411,"SILVER CREEK, VILLAGE OF"
36013,3667488,"SINCLAIRVILLE, VILLAGE OF"
36013,3668891,"SOUTH DAYTON, VILLAGE OF"
36013,3601371476,"STOCKTON, TOWN OF"
36013,3672246,"SUNSET BAY, VILLAGE OF"
36013,3601377530,"VILLENOVA, TOWN OF"
36013,3601379950,"WESTFIELD, TOWN OF"
36013,3679939,"WESTFIELD, VILLAGE OF"
36015,3601502781,"ASHLAND, TOWN OF"
36015,3601504132,"BALDWIN, TOWN OF"
36015,3601506475,"BIG FLATS, TOWN OF"
36015,3606464,"BIG FLATS, VILLAGE OF"
36015,3608004,"BREESPORT, VILLAGE OF"
36015,3601512947,"CATLIN, TOWN OF"
36015,36015,CHEMUNG COUNTY
36015,3601515077,"CHEMUNG, TOWN OF"
36015,3601524229,"ELMIRA, CITY OF"
36015,3624251,"ELMIRA HEIGHTS, VILLAGE OF"
36015,3601524240,"ELMIRA, TOWN OF"
36015,3624229,"ELMIRA, VILLAGE OF"
36015,3601524636,"ERIN, TOWN OF"
36015,3624625,"ERIN, VILLAGE OF"
36015,3635710,"HORSEHEADS NORTH, VILLAGE OF"
36015,3601535705,"HORSEHEADS, TOWN OF"
36015,3635694,"HORSEHEADS, VILLAGE OF"
36015,3647427,"MILLPORT, VILLAGE OF"
36015,3658189,"PINE VALLEY, VILLAGE OF"
36015,3601569617,"SOUTHPORT, TOWN OF"
36015,3669606,"SOUTHPORT, VILLAGE OF"
36015,3601576892,"VAN ETTEN, TOWN OF"
36015,3676881,"VAN ETTEN, VILLAGE OF"
36015,3601577310,"VETERAN, TOWN OF"
36015,3678806,"WAVERLY, VILLAGE OF"
36015,3679081,"WELLSBURG, VILLAGE OF"
36015,3679785,"WEST ELMIRA, VILLAGE OF"
36017,3601700353,"AFTON, TOWN OF"
36017,3600342,"AFTON, VILLAGE OF"
36017,3601704044,"BAINBRIDGE, TOWN OF"
36017,3604033,"BAINBRIDGE, VILLAGE OF"
36017,36017,CHENANGO COUNTY
36017,3601717486,"COLUMBUS, TOWN OF"
36017,3601718619,"COVENTRY, TOWN OF"
36017,3621523,"EARLVILLE, VILLAGE OF"
36017,3601728739,"GERMAN, TOWN OF"
36017,3601730422,"GREENE, TOWN OF"
36017,3630411,"GREENE, VILLAGE OF"
36017,3601731148,"GUILFORD, TOWN OF"
36017,3631137,"GUILFORD, VILLAGE OF"
36017,3601742411,"LINCKLAEN, TOWN OF"
36017,3601744127,"MCDONOUGH, TOWN OF"
36017,3601749957,"NEW BERLIN, TOWN OF"
36017,3649946,"NEW BERLIN, VILLAGE OF"
36017,3601753297,"NORTH NORWICH, TOWN OF"
36017,3601753979,"NORWICH, CITY OF"
36017,3601753990,"NORWICH, TOWN OF"
36017,3653979,"NORWICH, VILLAGE OF"
36017,3601755717,"OTSELIC, TOWN OF"
36017,3601755959,"OXFORD, TOWN OF"
36017,3655948,"OXFORD, VILLAGE OF"
36017,3601757507,"PHARSALIA, TOWN OF"
36017,3601758288,"PITCHER, TOWN OF"
36017,3601758772,"PLYMOUTH, TOWN OF"
36017,3601759817,"PRESTON, TOWN OF"
36017,3601766894,"SHERBURNE, TOWN OF"
36017,3666883,"SHERBURNE, VILLAGE OF"
36017,3667334,"SIDNEY, VILLAGE OF"
36017,3668088,"SMITHVILLE FLATS, VILLAGE OF"
36017,3601768055,"SMITHVILLE, TOWN OF"
36017,3601768110,"SMYRNA, TOWN OF"
36017,3668099,"SMYRNA, VILLAGE OF"
36019,3601901583,"ALTONA, TOWN OF"
36019,3601572,"ALTONA, VILLAGE OF"
36019,3603254,"AU SABLE FORKS, VILLAGE OF"
36019,3601903221,"AU SABLE, TOWN OF"
36019,3601905485,"BEEKMANTOWN, TOWN OF"
36019,3601906761,"BLACK BROOK, TOWN OF"
36019,3601913750,"CHAMPLAIN, TOWN OF"
36019,3613739,"CHAMPLAIN, VILLAGE OF"
36019,3601914113,"CHAZY, TOWN OF"
36019,3614102,"CHAZY, VILLAGE OF"
36019,36019,CLINTON COUNTY
36019,3601916397,"CLINTON, TOWN OF"
36019,3619408,"CUMBERLAND HEAD, VILLAGE OF"
36019,3601919653,"DANNEMORA, TOWN OF"
36019,3619642,"DANNEMORA, VILLAGE OF"
36019,3601923921,"ELLENBURG, TOWN OF"
36019,3639089,"KEESEVILLE, VILLAGE OF"
36019,3643951,"LYON MOUNTAIN, VILLAGE OF"
36019,3601948252,"MOOERS, TOWN OF"
36019,3648241,"MOOERS, VILLAGE OF"
36019,3648538,"MORRISONVILLE, VILLAGE OF"
36019,3656291,"PARC, VILLAGE OF"
36019,3601957375,"PERU, TOWN OF"
36019,3657364,"PERU, VILLAGE OF"
36019,3601958574,"PLATTSBURGH, CITY OF"
36019,3601958585,"PLATTSBURGH, TOWN OF"
36019,3658574,"PLATTSBURGH, VILLAGE OF"
36019,3658601,"PLATTSBURGH WEST, VILLAGE OF"
36019,3660884,"REDFORD, VILLAGE OF"
36019,3663979,"ROUSES POINT, VILLAGE OF"
36019,3601965211,"SARANAC, TOWN OF"
36019,3601965717,"SCHUYLER FALLS, TOWN OF"
36019,3679543,"WEST CHAZY, VILLAGE OF"
36021,3602102099,"ANCRAM, TOWN OF"
36021,3602902,"ATHENS, VILLAGE OF"
36021,3602103287,"AUSTERLITZ, TOWN OF"
36021,3602112056,"CANAAN, TOWN OF"
36021,3613002,"CATSKILL, VILLAGE OF"
36021,3602114014,"CHATHAM, TOWN OF"
36021,3614003,"CHATHAM, VILLAGE OF"
36021,3616050,"CLAVERACK-RED MILLS, VILLAGE OF"
36021,3602116045,"CLAVERACK, TOWN OF"
36021,3602116177,"CLERMONT, TOWN OF"
36021,36021,COLUMBIA COUNTY
36021,3618113,"COPAKE FALLS, VILLAGE OF"
36021,3618118,"COPAKE HAMLET, VILLAGE OF"
36021,3618124,"COPAKE LAKE, VILLAGE OF"
36021,3602118102,"COPAKE, TOWN OF"
36021,3618718,"COXSACKIE, VILLAGE OF"
36021,3622557,"EAST NASSAU, VILLAGE OF"
36021,3602128068,"GALLATIN, TOWN OF"
36021,3602128772,"GERMANTOWN, TOWN OF"
36021,3628761,"GERMANTOWN, VILLAGE OF"
36021,3602128871,"GHENT, TOWN OF"
36021,3628860,"GHENT, VILLAGE OF"
36021,3602130565,"GREENPORT, TOWN OF"
36021,3602134748,"HILLSDALE, TOWN OF"
36021,3602135969,"HUDSON, CITY OF"
36021,3635969,"HUDSON, VILLAGE OF"
36021,3602139573,"KINDERHOOK, TOWN OF"
36021,3639562,"KINDERHOOK, VILLAGE OF"
36021,3602142917,"LIVINGSTON, TOWN OF"
36021,3643511,"LORENZ PARK, VILLAGE OF"
36021,3602150452,"NEW LEBANON, TOWN OF"
36021,3651297,"NIVERVILLE, VILLAGE OF"
36021,3657639,"PHILMONT, VILLAGE OF"
36021,3602171443,"STOCKPORT, TOWN OF"
36021,3671718,"STOTTVILLE, VILLAGE OF"
36021,3602171850,"STUYVESANT, TOWN OF"
36021,3673057,"TACONIC SHORES, VILLAGE OF"
36021,3602173077,"TAGHKANIC, TOWN OF"
36021,3676617,"VALATIE, VILLAGE OF"
36023,3606937,"BLODGETT MILLS, VILLAGE OF"
36023,3602315748,"CINCINNATUS, TOWN OF"
36023,3602318388,"CORTLAND, CITY OF"
36023,36023,CORTLAND COUNTY
36023,3618388,"CORTLAND, VILLAGE OF"
36023,3602318421,"CORTLANDVILLE, TOWN OF"
36023,3618443,"CORTLAND WEST, VILLAGE OF"
36023,3602319499,"CUYLER, TOWN OF"
36023,3620390,"DERUYTER, VILLAGE OF"
36023,3602327496,"FREETOWN, TOWN OF"
36023,3602332160,"HARFORD, TOWN OF"
36023,3602335287,"HOMER, TOWN OF"
36023,3635276,"HOMER, VILLAGE OF"
36023,3602341300,"LAPEER, TOWN OF"
36023,3602345403,"MARATHON, TOWN OF"
36023,3645392,"MARATHON, VILLAGE OF"
36023,3644193,"MCGRAW, VILLAGE OF"
36023,3649242,"MUNSONS CORNERS, VILLAGE OF"
36023,3602359773,"PREBLE, TOWN OF"
36023,3602365915,"SCOTT, TOWN OF"
36023,3602368264,"SOLON, TOWN OF"
36023,3602373220,"TAYLOR, TOWN OF"
36023,3602375550,"TRUXTON, TOWN OF"
36023,3602377596,"VIRGIL, TOWN OF"
36023,3677585,"VIRGIL, VILLAGE OF"
36023,3602381963,"WILLET, TOWN OF"
36025,3602502132,"ANDES, TOWN OF"
36025,3602121,"ANDES, VILLAGE OF"
36025,3607025,"BLOOMVILLE, VILLAGE OF"
36025,3602507597,"BOVINA, TOWN OF"
36025,3602516793,"COLCHESTER, TOWN OF"
36025,3619774,"DAVENPORT CENTER, VILLAGE OF"
36025,3602519763,"DAVENPORT, TOWN OF"
36025,36025,DELAWARE COUNTY
36025,3602520137,"DELHI, TOWN OF"
36025,3620126,"DELHI, VILLAGE OF"
36025,3602520357,"DEPOSIT, TOWN OF"
36025,3620346,"DEPOSIT, VILLAGE OF"
36025,3620852,"DOWNSVILLE, VILLAGE OF"
36025,3626209,"FLEISCHMANNS, VILLAGE OF"
36025,3602527232,"FRANKLIN, TOWN OF"
36025,3627221,"FRANKLIN, VILLAGE OF"
36025,3602531698,"HAMDEN, TOWN OF"
36025,3602531951,"HANCOCK, TOWN OF"
36025,3631940,"HANCOCK, VILLAGE OF"
36025,3602532281,"HARPERSFIELD, TOWN OF"
36025,3634979,"HOBART, VILLAGE OF"
36025,3602540068,"KORTRIGHT, TOWN OF"
36025,3645557,"MARGARETVILLE, VILLAGE OF"
36025,3602545964,"MASONVILLE, TOWN OF"
36025,3602546624,"MEREDITH, TOWN OF"
36025,3602547031,"MIDDLETOWN, TOWN OF"
36025,3659740,"PRATTSVILLE, VILLAGE OF"
36025,3663583,"ROSCOE, VILLAGE OF"
36025,3602564001,"ROXBURY, TOWN OF"
36025,3602567345,"SIDNEY, TOWN OF"
36025,3667334,"SIDNEY, VILLAGE OF"
36025,3602570629,"STAMFORD, TOWN OF"
36025,3670618,"STAMFORD, VILLAGE OF"
36025,3602574111,"TOMPKINS, TOWN OF"
36025,3676001,"UNADILLA, VILLAGE OF"
36025,3602578047,"WALTON, TOWN OF"
36025,3678036,"WALTON, VILLAGE OF"
36027,3602701693,"AMENIA, TOWN OF"
36027,3601682,"AMENIA, VILLAGE OF"
36027,3602616,"ARLINGTON, VILLAGE OF"
36027,3602705100,"BEACON, CITY OF"
36027,3605100,"BEACON, VILLAGE OF"
36027,3602705452,"BEEKMAN, TOWN OF"
36027,3608334,"BRINCKERHOFF, VILLAGE OF"
36027,3602716408,"CLINTON, TOWN OF"
36027,3619229,"CROWN HEIGHTS, VILLAGE OF"
36027,3620841,"DOVER PLAINS, VILLAGE OF"
36027,3602720819,"DOVER, TOWN OF"
36027,36027,DUTCHESS COUNTY
36027,3602721996,"EAST FISHKILL, TOWN OF"
36027,3625109,"FAIRVIEW, VILLAGE OF"
36027,3602725978,"FISHKILL, TOWN OF"
36027,3625967,"FISHKILL, VILLAGE OF"
36027,3627452,"FREEDOM PLAINS, VILLAGE OF"
36027,3629014,"GLASCO, VILLAGE OF"
36027,3632776,"HAVILAND, VILLAGE OF"
36027,3634484,"HIGHLAND, VILLAGE OF"
36027,3634803,"HILLSIDE LAKE, VILLAGE OF"
36027,3635573,"HOPEWELL JUNCTION, VILLAGE OF"
36027,3602737209,"HYDE PARK, TOWN OF"
36027,3637198,"HYDE PARK, VILLAGE OF"
36027,3639727,"KINGSTON, VILLAGE OF"
36027,3602740299,"LA GRANGE, TOWN OF"
36027,3645700,"MARLBORO, VILLAGE OF"
36027,3646750,"MERRITT PARK, VILLAGE OF"
36027,3602747207,"MILAN, TOWN OF"
36027,3647273,"MILLBROOK, VILLAGE OF"
36027,3647361,"MILLERTON, VILLAGE OF"
36027,3649363,"MYERS CORNER, VILLAGE OF"
36027,3650034,"NEWBURGH, VILLAGE OF"
36027,3602751891,"NORTH EAST, TOWN OF"
36027,3602756825,"PAWLING, TOWN OF"
36027,3656814,"PAWLING, VILLAGE OF"
36027,3602758156,"PINE PLAINS, TOWN OF"
36027,3658145,"PINE PLAINS, VILLAGE OF"
36027,3602758695,"PLEASANT VALLEY, TOWN OF"
36027,3658684,"PLEASANT VALLEY, VILLAGE OF"
36027,3659311,"PORT EWEN, VILLAGE OF"
36027,3602759641,"POUGHKEEPSIE, CITY OF"
36027,3602759652,"POUGHKEEPSIE, TOWN OF"
36027,3659641,"POUGHKEEPSIE, VILLAGE OF"
36027,3602760905,"RED HOOK, TOWN OF"
36027,3660895,"RED HOOK, VILLAGE OF"
36027,3660983,"RED OAKS MILL, VILLAGE OF"
36027,3602761357,"RHINEBECK, TOWN OF"
36027,3661346,"RHINEBECK, VILLAGE OF"
36027,3661368,"RHINECLIFF, VILLAGE OF"
36027,3664892,"SALT POINT, VILLAGE OF"
36027,3665310,"SAUGERTIES SOUTH, VILLAGE OF"
36027,3665288,"SAUGERTIES, VILLAGE OF"
36027,3670035,"SPACKENKILL, VILLAGE OF"
36027,3670552,"STAATSBURG, VILLAGE OF"
36027,3602770662,"STANFORD, TOWN OF"
36027,3674017,"TITUSVILLE, VILLAGE OF"
36027,3674023,"TIVOLI, VILLAGE OF"
36027,3602776166,"UNION VALE, TOWN OF"
36027,3678168,"WAPPINGERS FALLS, VILLAGE OF"
36027,3602778157,"WAPPINGER, TOWN OF"
36027,3602778388,"WASHINGTON, TOWN OF"
36029,3600441,"AKRON, VILLAGE OF"
36029,3602901099,"ALDEN, TOWN OF"
36029,3601088,"ALDEN, VILLAGE OF"
36029,3602902000,"AMHERST, TOWN OF"
36029,3602220,"ANGOLA ON THE LAKE, VILLAGE OF"
36029,3602198,"ANGOLA, VILLAGE OF"
36029,3602903199,"AURORA, TOWN OF"
36029,3606574,"BILLINGTON HEIGHTS, VILLAGE OF"
36029,3606849,"BLASDELL, VILLAGE OF"
36029,3602907454,"BOSTON, TOWN OF"
36029,3602907894,"BRANT, TOWN OF"
36029,3602911000,"BUFFALO, CITY OF"
36029,3611000,"BUFFALO, VILLAGE OF"
36029,3602913035,"CATTARAUGUS, TOWN OF"
36029,3602915011,"CHEEKTOWAGA, TOWN OF"
36029,3615000,"CHEEKTOWAGA, VILLAGE OF"
36029,3615836,"CLARENCE CENTER, VILLAGE OF"
36029,3602915825,"CLARENCE, TOWN OF"
36029,3615814,"CLARENCE, VILLAGE OF"
36029,3602916870,"COLDEN, TOWN OF"
36029,3602917200,"COLLINS, TOWN OF"
36029,3602917585,"CONCORD, TOWN OF"
36029,3602900000,"COUNTY SUBDIVISIONS NOT DEFINED, TOWN OF"
36029,3620313,"DEPEW, VILLAGE OF"
36029,3621589,"EAST AURORA, VILLAGE OF"
36029,3602923415,"EDEN, TOWN OF"
36029,3623404,"EDEN, VILLAGE OF"
36029,3623701,"EGGERTSVILLE, VILLAGE OF"
36029,3624141,"ELMA CENTER, VILLAGE OF"
36029,3602924130,"ELMA, TOWN OF"
36029,36029,ERIE COUNTY
36029,3602924801,"EVANS, TOWN OF"
36029,3625428,"FARNHAM, VILLAGE OF"
36029,3629630,"GOWANDA, VILLAGE OF"
36029,3602929828,"GRAND ISLAND, TOWN OF"
36029,3629894,"GRANDYLE VILLAGE, VILLAGE OF"
36029,3602931654,"HAMBURG, TOWN OF"
36029,3631643,"HAMBURG, VILLAGE OF"
36029,3632391,"HARRIS HILL, VILLAGE OF"
36029,3602935122,"HOLLAND, TOWN OF"
36029,3635111,"HOLLAND, VILLAGE OF"
36029,3639232,"KENMORE, VILLAGE OF"
36029,3602940189,"LACKAWANNA, CITY OF"
36029,3640189,"LACKAWANNA, VILLAGE OF"
36029,3640486,"LAKE ERIE BEACH, VILLAGE OF"
36029,3602941146,"LANCASTER, TOWN OF"
36029,3641135,"LANCASTER, VILLAGE OF"
36029,3602945601,"MARILLA, TOWN OF"
36029,3602950716,"NEWSTEAD, TOWN OF"
36029,3651055,"NIAGARA FALLS, VILLAGE OF"
36029,3651583,"NORTH BOSTON, VILLAGE OF"
36029,3602951803,"NORTH COLLINS, TOWN OF"
36029,3651792,"NORTH COLLINS, VILLAGE OF"
36029,3653682,"NORTH TONAWANDA, VILLAGE OF"
36029,3602955277,"ORCHARD PARK, TOWN OF"
36029,3655266,"ORCHARD PARK, VILLAGE OF"
36029,3660609,"RAPIDS, VILLAGE OF"
36029,3602965277,"SARDINIA, TOWN OF"
36029,3667686,"SLOAN, VILLAGE OF"
36029,3670442,"SPRINGVILLE, VILLAGE OF"
36029,3671817,"STRYKERSVILLE, VILLAGE OF"
36029,3672246,"SUNSET BAY, VILLAGE OF"
36029,3602974166,"TONAWANDA, CITY OF"
36029,3602975011,"TONAWANDA, TOWN OF"
36029,3602975000,"TONAWANDA, TOWN OF"
36029,3674166,"TONAWANDA, VILLAGE OF"
36029,3674183,"TONAWANDA, VILLAGE OF"
36029,3675121,"TOWN LINE, VILLAGE OF"
36029,3676280,"UNIVERSITY AT BUFFALO, VILLAGE OF"
36029,3602977871,"WALES, TOWN OF"
36029,3678124,"WANAKAH, VILLAGE OF"
36029,3602980918,"WEST SENECA, TOWN OF"
36029,3680907,"WEST SENECA, VILLAGE OF"
36029,3682084,"WILLIAMSVILLE, VILLAGE OF"
36029,3684044,"YORKSHIRE, VILLAGE OF"
36031,3603254,"AU SABLE FORKS, VILLAGE OF"
36031,3603115330,"CHESTERFIELD, TOWN OF"
36031,3603119246,"CROWN POINT, TOWN OF"
36031,3603123833,"ELIZABETHTOWN, TOWN OF"
36031,3623822,"ELIZABETHTOWN, VILLAGE OF"
36031,36031,ESSEX COUNTY
36031,3603124768,"ESSEX, TOWN OF"
36031,3603138396,"JAY, TOWN OF"
36031,3603139067,"KEENE, TOWN OF"
36031,3639089,"KEESEVILLE, VILLAGE OF"
36031,3640761,"LAKE PLACID, VILLAGE OF"
36031,3603142114,"LEWIS, TOWN OF"
36031,3603147669,"MINERVA, TOWN OF"
36031,3647702,"MINEVILLE, VILLAGE OF"
36031,3603148428,"MORIAH, TOWN OF"
36031,3603150144,"NEWCOMB, TOWN OF"
36031,3603151935,"NORTH ELBA, TOWN OF"
36031,3603153077,"NORTH HUDSON, TOWN OF"
36031,3659333,"PORT HENRY, VILLAGE OF"
36031,3665233,"SARANAC LAKE, VILLAGE OF"
36031,3665640,"SCHROON LAKE, VILLAGE OF"
36031,3603165629,"SCHROON, TOWN OF"
36031,3603164529,"ST. ARMAND, TOWN OF"
36031,3603173891,"TICONDEROGA, TOWN OF"
36031,3673880,"TICONDEROGA, VILLAGE OF"
36031,3603180775,"WESTPORT, TOWN OF"
36031,3680764,"WESTPORT, VILLAGE OF"
36031,3603182271,"WILLSBORO, TOWN OF"
36031,3682260,"WILLSBORO, VILLAGE OF"
36031,3603182315,"WILMINGTON, TOWN OF"
36031,3682304,"WILMINGTON, VILLAGE OF"
36031,3682656,"WITHERBEE, VILLAGE OF"
36033,3603304319,"BANGOR, TOWN OF"
36033,3603305716,"BELLMONT, TOWN OF"
36033,3603307278,"BOMBAY, TOWN OF"
36033,3603307839,"BRANDON, TOWN OF"
36033,3603308213,"BRIGHTON, TOWN OF"
36033,3610286,"BRUSHTON, VILLAGE OF"
36033,3603311165,"BURKE, TOWN OF"
36033,3611154,"BURKE, VILLAGE OF"
36033,3603313992,"CHATEAUGAY, TOWN OF"
36033,3613981,"CHATEAUGAY, VILLAGE OF"
36033,3603317871,"CONSTABLE, TOWN OF"
36033,3603320610,"DICKINSON, TOWN OF"
36033,3603320973,"DUANE, TOWN OF"
36033,3626752,"FORT COVINGTON HAMLET, VILLAGE OF"
36033,3603326737,"FORT COVINGTON, TOWN OF"
36033,36033,FRANKLIN COUNTY
36033,3603327243,"FRANKLIN, TOWN OF"
36033,3603332314,"HARRIETSTOWN, TOWN OF"
36033,3603344721,"MALONE, TOWN OF"
36033,3644710,"MALONE, VILLAGE OF"
36033,3603347933,"MOIRA, TOWN OF"
36033,3656770,"PAUL SMITHS, VILLAGE OF"
36033,3603365178,"SANTA CLARA, TOWN OF"
36033,3665233,"SARANAC LAKE, VILLAGE OF"
36033,3664716,"ST. REGIS FALLS, VILLAGE OF"
36033,3603364727,"ST. REGIS MOHAWK, TOWN OF"
36033,3603375676,"TUPPER LAKE, TOWN OF"
36033,3675671,"TUPPER LAKE, VILLAGE OF"
36033,3603378795,"WAVERLY, TOWN OF"
36033,3603381215,"WESTVILLE, TOWN OF"
36035,3603506882,"BLEECKER, TOWN OF"
36035,3603508433,"BROADALBIN, TOWN OF"
36035,3608422,"BROADALBIN, VILLAGE OF"
36035,3612584,"CAROGA LAKE, VILLAGE OF"
36035,3603512573,"CAROGA, TOWN OF"
36035,3620731,"DOLGEVILLE, VILLAGE OF"
36035,3603524603,"EPHRATAH, TOWN OF"
36035,36035,FULTON COUNTY
36035,3603529443,"GLOVERSVILLE, CITY OF"
36035,3629443,"GLOVERSVILLE, VILLAGE OF"
36035,3631291,"HAGAMAN, VILLAGE OF"
36035,3603538781,"JOHNSTOWN, CITY OF"
36035,3603538792,"JOHNSTOWN, TOWN OF"
36035,3638781,"JOHNSTOWN, VILLAGE OF"
36035,3603546217,"MAYFIELD, TOWN OF"
36035,3646206,"MAYFIELD, VILLAGE OF"
36035,3603551407,"NORTHAMPTON, TOWN OF"
36035,3653770,"NORTHVILLE, VILLAGE OF"
36035,3603555101,"OPPENHEIM, TOWN OF"
36035,3603557353,"PERTH, TOWN OF"
36035,3603571784,"STRATFORD, TOWN OF"
36037,3603700474,"ALABAMA, TOWN OF"
36037,3603701165,"ALEXANDER, TOWN OF"
36037,3601154,"ALEXANDER, VILLAGE OF"
36037,3603001,"ATTICA, VILLAGE OF"
36037,3603704715,"BATAVIA, CITY OF"
36037,3603704726,"BATAVIA, TOWN OF"
36037,3604715,"BATAVIA, VILLAGE OF"
36037,3603706057,"BERGEN, TOWN OF"
36037,3606046,"BERGEN, VILLAGE OF"
36037,3603706266,"BETHANY, TOWN OF"
36037,3603711572,"BYRON, TOWN OF"
36037,3618201,"CORFU, VILLAGE OF"
36037,3603719719,"DARIEN, TOWN OF"
36037,3603723756,"ELBA, TOWN OF"
36037,3623745,"ELBA, VILLAGE OF"
36037,36037,GENESEE COUNTY
36037,3603742037,"LE ROY, TOWN OF"
36037,3642026,"LE ROY, VILLAGE OF"
36037,3642609,"LINWOOD, VILLAGE OF"
36037,3603754166,"OAKFIELD, TOWN OF"
36037,3654155,"OAKFIELD, VILLAGE OF"
36037,3603756792,"PAVILION, TOWN OF"
36037,3656781,"PAVILION, VILLAGE OF"
36037,3603757078,"PEMBROKE, TOWN OF"
36037,3603770607,"STAFFORD, TOWN OF"
36037,3603775011,"TONAWANDA, TOWN OF"
36039,3603902803,"ASHLAND, TOWN OF"
36039,3603902913,"ATHENS, TOWN OF"
36039,3602902,"ATHENS, VILLAGE OF"
36039,3603911649,"CAIRO, TOWN OF"
36039,3611638,"CAIRO, VILLAGE OF"
36039,3603913013,"CATSKILL, TOWN OF"
36039,3613002,"CATSKILL, VILLAGE OF"
36039,3603918729,"COXSACKIE, TOWN OF"
36039,3618718,"COXSACKIE, VILLAGE OF"
36039,3603921204,"DURHAM, TOWN OF"
36039,36039,GREENE COUNTY
36039,3603930620,"GREENVILLE, TOWN OF"
36039,3630609,"GREENVILLE, VILLAGE OF"
36039,3603931379,"HALCOTT, TOWN OF"
36039,3635969,"HUDSON, VILLAGE OF"
36039,3603936178,"HUNTER, TOWN OF"
36039,3636167,"HUNTER, VILLAGE OF"
36039,3638451,"JEFFERSON HEIGHTS, VILLAGE OF"
36039,3603938638,"JEWETT, TOWN OF"
36039,3641784,"LEEDS, VILLAGE OF"
36039,3603942202,"LEXINGTON, TOWN OF"
36039,3603949935,"NEW BALTIMORE, TOWN OF"
36039,3656132,"PALENVILLE, VILLAGE OF"
36039,3603959751,"PRATTSVILLE, TOWN OF"
36039,3659740,"PRATTSVILLE, VILLAGE OF"
36039,3659831,"PRESTON-POTTER HOLLOW, VILLAGE OF"
36039,3660675,"RAVENA, VILLAGE OF"
36039,3673143,"TANNERSVILLE, VILLAGE OF"
36039,3603982480,"WINDHAM, TOWN OF"
36039,3682469,"WINDHAM, VILLAGE OF"
36041,3604102572,"ARIETTA, TOWN OF"
36041,3604105958,"BENSON, TOWN OF"
36041,36041,HAMILTON COUNTY
36041,3604135496,"HOPE, TOWN OF"
36041,3604137374,"INDIAN LAKE, TOWN OF"
36041,3604137495,"INLET, TOWN OF"
36041,3604140794,"LAKE PLEASANT, TOWN OF"
36041,3604143412,"LONG LAKE, TOWN OF"
36041,3643401,"LONG LAKE, VILLAGE OF"
36041,3604148340,"MOREHOUSE, TOWN OF"
36041,3670123,"SPECULATOR, VILLAGE OF"
36041,3604179059,"WELLS, TOWN OF"
36041,3679048,"WELLS, VILLAGE OF"
36043,3616815,"COLD BROOK, VILLAGE OF"
36043,3604317431,"COLUMBIA, TOWN OF"
36043,3604319686,"DANUBE, TOWN OF"
36043,3620731,"DOLGEVILLE, VILLAGE OF"
36043,3604324933,"FAIRFIELD, TOWN OF"
36043,3604327199,"FRANKFORT, TOWN OF"
36043,3627188,"FRANKFORT, VILLAGE OF"
36043,3604328750,"GERMAN FLATTS, TOWN OF"
36043,36043,HERKIMER COUNTY
36043,3604334132,"HERKIMER, TOWN OF"
36043,3634121,"HERKIMER, VILLAGE OF"
36043,3637275,"ILION, VILLAGE OF"
36043,3604342664,"LITCHFIELD, TOWN OF"
36043,3604342741,"LITTLE FALLS, CITY OF"
36043,3604342752,"LITTLE FALLS, TOWN OF"
36043,3642741,"LITTLE FALLS, VILLAGE OF"
36043,3604344974,"MANHEIM, TOWN OF"
36043,3647108,"MIDDLEVILLE, VILLAGE OF"
36043,3647823,"MOHAWK, VILLAGE OF"
36043,3604350584,"NEWPORT, TOWN OF"
36043,3650573,"NEWPORT, VILLAGE OF"
36043,3604353968,"NORWAY, TOWN OF"
36043,3604354507,"OHIO, TOWN OF"
36043,3654639,"OLD FORGE, VILLAGE OF"
36043,3658937,"POLAND, VILLAGE OF"
36043,3659883,"PROSPECT, VILLAGE OF"
36043,3661489,"RICHFIELD SPRINGS, VILLAGE OF"
36043,3604364254,"RUSSIA, TOWN OF"
36043,3604364837,"SALISBURY, TOWN OF"
36043,3604365695,"SCHUYLER, TOWN OF"
36043,3604370794,"STARK, TOWN OF"
36043,3673495,"THENDARA, VILLAGE OF"
36043,3676540,"UTICA, VILLAGE OF"
36043,3604378278,"WARREN, TOWN OF"
36043,3604378927,"WEBB, TOWN OF"
36043,3681292,"WEST WINFIELD, VILLAGE OF"
36043,3604382568,"WINFIELD, TOWN OF"
36045,3600232,"ADAMS CENTER, VILLAGE OF"
36045,3604500210,"ADAMS, TOWN OF"
36045,3600199,"ADAMS, VILLAGE OF"
36045,3601187,"ALEXANDRIA BAY, VILLAGE OF"
36045,3604501176,"ALEXANDRIA, TOWN OF"
36045,3604502297,"ANTWERP, TOWN OF"
36045,3602286,"ANTWERP, VILLAGE OF"
36045,3605683,"BELLEVILLE, VILLAGE OF"
36045,3606794,"BLACK RIVER, VILLAGE OF"
36045,3604510242,"BROWNVILLE, TOWN OF"
36045,3610231,"BROWNVILLE, VILLAGE OF"
36045,3611671,"CALCIUM, VILLAGE OF"
36045,3604512364,"CAPE VINCENT, TOWN OF"
36045,3612353,"CAPE VINCENT, VILLAGE OF"
36045,3612683,"CARTHAGE, VILLAGE OF"
36045,3604513717,"CHAMPION, TOWN OF"
36045,3614036,"CHAUMONT, VILLAGE OF"
36045,3604516100,"CLAYTON, TOWN OF"
36045,3616089,"CLAYTON, VILLAGE OF"
36045,3604500000,"COUNTY SUBDIVISIONS NOT DEFINED, TOWN OF"
36045,3619994,"DEFERIET, VILLAGE OF"
36045,3620302,"DEPAUVILLE, VILLAGE OF"
36045,3620500,"DEXTER, VILLAGE OF"
36045,3604524086,"ELLISBURG, TOWN OF"
36045,3624075,"ELLISBURG, VILLAGE OF"
36045,3624823,"EVANS MILLS, VILLAGE OF"
36045,3625571,"FELTS MILLS, VILLAGE OF"
36045,3625934,"FISHERS LANDING, VILLAGE OF"
36045,3626759,"FORT DRUM, VILLAGE OF"
36045,3629322,"GLEN PARK, VILLAGE OF"
36045,3630136,"GREAT BEND, VILLAGE OF"
36045,3604534055,"HENDERSON, TOWN OF"
36045,3634044,"HENDERSON, VILLAGE OF"
36045,3634220,"HERRINGS, VILLAGE OF"
36045,3604535782,"HOUNSFIELD, TOWN OF"
36045,36045,JEFFERSON COUNTY
36045,3640233,"LA FARGEVILLE, VILLAGE OF"
36045,3604542015,"LE RAY, TOWN OF"
36045,3604543544,"LORRAINE, TOWN OF"
36045,3643533,"LORRAINE, VILLAGE OF"
36045,3604543863,"LYME, TOWN OF"
36045,3645073,"MANNSVILLE, VILLAGE OF"
36045,3649605,"NATURAL BRIDGE, VILLAGE OF"
36045,3604555398,"ORLEANS, TOWN OF"
36045,3655937,"OXBOW, VILLAGE OF"
36045,3656212,"PAMELIA CENTER, VILLAGE OF"
36045,3604556209,"PAMELIA, TOWN OF"
36045,3604557562,"PHILADELPHIA, TOWN OF"
36045,3657551,"PHILADELPHIA, VILLAGE OF"
36045,3657782,"PIERREPONT MANOR, VILLAGE OF"
36045,3658739,"PLESSIS, VILLAGE OF"
36045,3661016,"REDWOOD, VILLAGE OF"
36045,3604563341,"RODMAN, TOWN OF"
36045,3663330,"RODMAN, VILLAGE OF"
36045,3604564265,"RUTLAND, TOWN OF"
36045,3664408,"SACKETS HARBOR, VILLAGE OF"
36045,3604573528,"THERESA, TOWN OF"
36045,3673517,"THERESA, VILLAGE OF"
36045,3673726,"THOUSAND ISLAND PARK, VILLAGE OF"
36045,3673737,"THREE MILE BAY, VILLAGE OF"
36045,3604578608,"WATERTOWN, CITY OF"
36045,3604578619,"WATERTOWN, TOWN OF"
36045,3678608,"WATERTOWN, VILLAGE OF"
36045,3679499,"WEST CARTHAGE, VILLAGE OF"
36045,3604582348,"WILNA, TOWN OF"
36045,3604583162,"WORTH, TOWN OF"
36047,3604710022,"BROOKLYN, TOWN OF"
36047,36047,KINGS COUNTY
36047,3651000,"NEW YORK, VILLAGE OF"
36049,3612683,"CARTHAGE, VILLAGE OF"
36049,3612881,"CASTORLAND, VILLAGE OF"
36049,3617882,"CONSTABLEVILLE, VILLAGE OF"
36049,3618135,"COPENHAGEN, VILLAGE OF"
36049,3604919081,"CROGHAN, TOWN OF"
36049,3619070,"CROGHAN, VILLAGE OF"
36049,3604920214,"DENMARK, TOWN OF"
36049,3604920555,"DIANA, TOWN OF"
36049,3604930796,"GREIG, TOWN OF"
36049,3604932358,"HARRISBURG, TOWN OF"
36049,3632424,"HARRISVILLE, VILLAGE OF"
36049,36049,LEWIS COUNTY
36049,3604942125,"LEWIS, TOWN OF"
36049,3604942213,"LEYDEN, TOWN OF"
36049,3604943731,"LOWVILLE, TOWN OF"
36049,3643720,"LOWVILLE, VILLAGE OF"
36049,3604943995,"LYONSDALE, TOWN OF"
36049,3644006,"LYONS FALLS, VILLAGE OF"
36049,3604945854,"MARTINSBURG, TOWN OF"
36049,3604948032,"MONTAGUE, TOWN OF"
36049,3649605,"NATURAL BRIDGE, VILLAGE OF"
36049,3604950001,"NEW BREMEN, TOWN OF"
36049,3604955497,"OSCEOLA, TOWN OF"
36049,3604957925,"PINCKNEY, TOWN OF"
36049,3659454,"PORT LEYDEN, VILLAGE OF"
36049,3604975693,"TURIN, TOWN OF"
36049,3675682,"TURIN, VILLAGE OF"
36049,3604978729,"WATSON, TOWN OF"
36049,3679499,"WEST CARTHAGE, VILLAGE OF"
36049,3604981094,"WEST TURIN, TOWN OF"
36051,3605103364,"AVON, TOWN OF"
36051,3603353,"AVON, VILLAGE OF"
36051,3611550,"BYERSVILLE, VILLAGE OF"
36051,3605111715,"CALEDONIA, TOWN OF"
36051,3611704,"CALEDONIA, VILLAGE OF"
36051,3617620,"CONESUS HAMLET, VILLAGE OF"
36051,3617622,"CONESUS LAKE, VILLAGE OF"
36051,3605117618,"CONESUS, TOWN OF"
36051,3619411,"CUMMINSVILLE, VILLAGE OF"
36051,3619510,"CUYLERVILLE, VILLAGE OF"
36051,3619587,"DALTON, VILLAGE OF"
36051,3619664,"DANSVILLE, VILLAGE OF"
36051,3621600,"EAST AVON, VILLAGE OF"
36051,3627133,"FOWLERVILLE, VILLAGE OF"
36051,3605128629,"GENESEO, TOWN OF"
36051,3628618,"GENESEO, VILLAGE OF"
36051,3630807,"GREIGSVILLE, VILLAGE OF"
36051,3631022,"GROVELAND STATION, VILLAGE OF"
36051,3605131016,"GROVELAND, TOWN OF"
36051,3633128,"HEMLOCK, VILLAGE OF"
36051,3635364,"HONEOYE FALLS, VILLAGE OF"
36051,3636156,"HUNT, VILLAGE OF"
36051,3640175,"KYSORVILLE, VILLAGE OF"
36051,3641036,"LAKEVILLE, VILLAGE OF"
36051,3605141883,"LEICESTER, TOWN OF"
36051,3641872,"LEICESTER, VILLAGE OF"
36051,3605142334,"LIMA, TOWN OF"
36051,3642323,"LIMA, VILLAGE OF"
36051,3642609,"LINWOOD, VILLAGE OF"
36051,36051,LIVINGSTON COUNTY
36051,3642972,"LIVONIA CENTER, VILLAGE OF"
36051,3605142961,"LIVONIA, TOWN OF"
36051,3642950,"LIVONIA, VILLAGE OF"
36051,3605148956,"MOUNT MORRIS, TOWN OF"
36051,3648945,"MOUNT MORRIS, VILLAGE OF"
36051,3605151869,"NORTH DANSVILLE, TOWN OF"
36051,3605154089,"NUNDA, TOWN OF"
36051,3654078,"NUNDA, VILLAGE OF"
36051,3605155508,"OSSIAN, TOWN OF"
36051,3657804,"PIFFARD, VILLAGE OF"
36051,3605159179,"PORTAGE, TOWN OF"
36051,3661236,"RETSOF, VILLAGE OF"
36051,3665926,"SCOTTSBURG, VILLAGE OF"
36051,3669364,"SOUTH LIMA, VILLAGE OF"
36051,3605170101,"SPARTA, TOWN OF"
36051,3670477,"SPRINGWATER HAMLET, VILLAGE OF"
36051,3605170475,"SPRINGWATER, TOWN OF"
36051,3675726,"TUSCARORA, VILLAGE OF"
36051,3677783,"WADSWORTH, VILLAGE OF"
36051,3678982,"WEBSTERS CROSSING, VILLAGE OF"
36051,3605181006,"WEST SPARTA, TOWN OF"
36051,3683063,"WOODSVILLE, VILLAGE OF"
36051,3684035,"YORK HAMLET, VILLAGE OF"
36051,3605184022,"YORK, TOWN OF"
36053,3608147,"BRIDGEPORT, VILLAGE OF"
36053,3608169,"BRIDGEWATER, VILLAGE OF"
36053,3605308587,"BROOKFIELD, TOWN OF"
36053,3612188,"CANASTOTA, VILLAGE OF"
36053,3605313156,"CAZENOVIA, TOWN OF"
36053,3613145,"CAZENOVIA, VILLAGE OF"
36053,3615561,"CHITTENANGO, VILLAGE OF"
36053,3605320401,"DERUYTER, TOWN OF"
36053,3620390,"DERUYTER, VILLAGE OF"
36053,3621226,"DURHAMVILLE, VILLAGE OF"
36053,3621523,"EARLVILLE, VILLAGE OF"
36053,3605323305,"EATON, TOWN OF"
36053,3605325593,"FENNER, TOWN OF"
36053,3605328695,"GEORGETOWN, TOWN OF"
36053,3605331720,"HAMILTON, TOWN OF"
36053,3631709,"HAMILTON, VILLAGE OF"
36053,3605341674,"LEBANON, TOWN OF"
36053,3605341905,"LENOX, TOWN OF"
36053,3605342422,"LINCOLN, TOWN OF"
36053,36053,MADISON COUNTY
36053,3605344435,"MADISON, TOWN OF"
36053,3644424,"MADISON, VILLAGE OF"
36053,3648593,"MORRISVILLE, VILLAGE OF"
36053,3649220,"MUNNSVILLE, VILLAGE OF"
36053,3605349770,"NELSON, TOWN OF"
36053,3654848,"ONEIDA CASTLE, VILLAGE OF"
36053,3605354837,"ONEIDA, CITY OF"
36053,3654837,"ONEIDA, VILLAGE OF"
36053,3655376,"ORISKANY FALLS, VILLAGE OF"
36053,3666993,"SHERRILL, VILLAGE OF"
36053,3605367785,"SMITHFIELD, TOWN OF"
36053,3605371399,"STOCKBRIDGE, TOWN OF"
36053,3605371993,"SULLIVAN, TOWN OF"
36053,3678113,"WAMPSVILLE, VILLAGE OF"
36055,3606046,"BERGEN, VILLAGE OF"
36055,3605508246,"BRIGHTON, TOWN OF"
36055,3608257,"BRIGHTON, VILLAGE OF"
36055,3608466,"BROCKPORT, VILLAGE OF"
36055,3611704,"CALEDONIA, VILLAGE OF"
36055,3605515462,"CHILI, TOWN OF"
36055,3615638,"CHURCHVILLE, VILLAGE OF"
36055,3605515957,"CLARKSON, TOWN OF"
36055,3615946,"CLARKSON, VILLAGE OF"
36055,3605500000,"COUNTY SUBDIVISIONS NOT DEFINED, TOWN OF"
36055,3605522870,"EAST ROCHESTER, TOWN OF"
36055,3622865,"EAST ROCHESTER, VILLAGE OF"
36055,3625076,"FAIRPORT, VILLAGE OF"
36055,3605528442,"GATES, TOWN OF"
36055,3628453,"GATES, VILLAGE OF"
36055,3605530290,"GREECE, TOWN OF"
36055,3630279,"GREECE, VILLAGE OF"
36055,3605531797,"HAMLIN, TOWN OF"
36055,3631786,"HAMLIN, VILLAGE OF"
36055,3605534099,"HENRIETTA, TOWN OF"
36055,3634847,"HILTON, VILLAGE OF"
36055,3635364,"HONEOYE FALLS, VILLAGE OF"
36055,3605537726,"IRONDEQUOIT, TOWN OF"
36055,3637737,"IRONDEQUOIT, VILLAGE OF"
36055,3605546558,"MENDON, TOWN OF"
36055,36055,MONROE COUNTY
36055,3652040,"NORTH GATES, VILLAGE OF"
36055,3605554474,"OGDEN, TOWN OF"
36055,3605556561,"PARMA, TOWN OF"
36055,3605557144,"PENFIELD, TOWN OF"
36055,3605557221,"PERINTON, TOWN OF"
36055,3605558365,"PITTSFORD, TOWN OF"
36055,3658354,"PITTSFORD, VILLAGE OF"
36055,3605561808,"RIGA, TOWN OF"
36055,3605563000,"ROCHESTER, CITY OF"
36055,3663000,"ROCHESTER, VILLAGE OF"
36055,3605564144,"RUSH, TOWN OF"
36055,3665959,"SCOTTSVILLE, VILLAGE OF"
36055,3670189,"SPENCERPORT, VILLAGE OF"
36055,3605572455,"SWEDEN, TOWN OF"
36055,3605578971,"WEBSTER, TOWN OF"
36055,3678960,"WEBSTER, VILLAGE OF"
36055,3605581402,"WHEATLAND, TOWN OF"
36057,3601737,"AMES, VILLAGE OF"
36057,3605702066,"AMSTERDAM, CITY OF"
36057,3605702077,"AMSTERDAM, TOWN OF"
36057,3602066,"AMSTERDAM, VILLAGE OF"
36057,3605712122,"CANAJOHARIE, TOWN OF"
36057,3612111,"CANAJOHARIE, VILLAGE OF"
36057,3605713816,"CHARLESTON, TOWN OF"
36057,3605726308,"FLORIDA, TOWN OF"
36057,3626462,"FONDA, VILLAGE OF"
36057,3626880,"FORT JOHNSON, VILLAGE OF"
36057,3626924,"FORT PLAIN, VILLAGE OF"
36057,3627859,"FULTONVILLE, VILLAGE OF"
36057,3605729047,"GLEN, TOWN OF"
36057,3631291,"HAGAMAN, VILLAGE OF"
36057,3638781,"JOHNSTOWN, VILLAGE OF"
36057,3605747614,"MINDEN, TOWN OF"
36057,3605747834,"MOHAWK, TOWN OF"
36057,36057,MONTGOMERY COUNTY
36057,3649748,"NELLISTON, VILLAGE OF"
36057,3656110,"PALATINE BRIDGE, VILLAGE OF"
36057,3605756099,"PALATINE, TOWN OF"
36057,3605763561,"ROOT, TOWN OF"
36057,3605764650,"ST. JOHNSVILLE, TOWN OF"
36057,3664639,"ST. JOHNSVILLE, VILLAGE OF"
36057,3675341,"TRIBES HILL, VILLAGE OF"
36059,3601011,"ALBERTSON, VILLAGE OF"
36059,3602044,"AMITYVILLE, VILLAGE OF"
36059,3602968,"ATLANTIC BEACH, VILLAGE OF"
36059,3604154,"BALDWIN HARBOR, VILLAGE OF"
36059,3604143,"BALDWIN, VILLAGE OF"
36059,3604550,"BARNUM ISLAND, VILLAGE OF"
36059,3604803,"BAXTER ESTATES, VILLAGE OF"
36059,3604891,"BAY PARK, VILLAGE OF"
36059,3605034,"BAYVILLE, VILLAGE OF"
36059,3605661,"BELLEROSE TERRACE, VILLAGE OF"
36059,3605639,"BELLEROSE, VILLAGE OF"
36059,3605738,"BELLMORE, VILLAGE OF"
36059,3606387,"BETHPAGE, VILLAGE OF"
36059,3610132,"BROOKVILLE, VILLAGE OF"
36059,3612419,"CARLE PLACE, VILLAGE OF"
36059,3613233,"CEDARHURST, VILLAGE OF"
36059,3613618,"CENTRE ISLAND, VILLAGE OF"
36059,3616958,"COLD SPRING HARBOR, VILLAGE OF"
36059,3618597,"COVE NECK, VILLAGE OF"
36059,3621578,"EAST ATLANTIC BEACH, VILLAGE OF"
36059,3621985,"EAST FARMINGDALE, VILLAGE OF"
36059,3622260,"EAST HILLS, VILLAGE OF"
36059,3622480,"EAST MASSAPEQUA, VILLAGE OF"
36059,3622502,"EAST MEADOW, VILLAGE OF"
36059,3622623,"EAST NORWICH, VILLAGE OF"
36059,3622876,"EAST ROCKAWAY, VILLAGE OF"
36059,3623217,"EAST WILLISTON, VILLAGE OF"
36059,3624273,"ELMONT, VILLAGE OF"
36059,3625384,"FARMINGDALE, VILLAGE OF"
36059,3626264,"FLORAL PARK, VILLAGE OF"
36059,3626352,"FLOWER HILL, VILLAGE OF"
36059,3627309,"FRANKLIN SQUARE, VILLAGE OF"
36059,3627485,"FREEPORT, VILLAGE OF"
36059,3628189,"GARDEN CITY PARK, VILLAGE OF"
36059,3628200,"GARDEN CITY SOUTH, VILLAGE OF"
36059,3628178,"GARDEN CITY, VILLAGE OF"
36059,3628990,"GILGO, VILLAGE OF"
36059,3605929113,"GLEN COVE, CITY OF"
36059,3629113,"GLEN COVE, VILLAGE OF"
36059,3629245,"GLEN HEAD, VILLAGE OF"
36059,3629421,"GLENWOOD LANDING, VILLAGE OF"
36059,3630191,"GREAT NECK ESTATES, VILLAGE OF"
36059,3630202,"GREAT NECK GARDENS, VILLAGE OF"
36059,3630213,"GREAT NECK PLAZA, VILLAGE OF"
36059,3630169,"GREAT NECK, VILLAGE OF"
36059,3630598,"GREENVALE, VILLAGE OF"
36059,3632094,"HARBOR HILLS, VILLAGE OF"
36059,3632105,"HARBOR ISLE, VILLAGE OF"
36059,3605934000,"HEMPSTEAD, TOWN OF"
36059,3633139,"HEMPSTEAD, VILLAGE OF"
36059,3634198,"HERRICKS, VILLAGE OF"
36059,3634297,"HEWLETT BAY PARK, VILLAGE OF"
36059,3634308,"HEWLETT HARBOR, VILLAGE OF"
36059,3634319,"HEWLETT NECK, VILLAGE OF"
36059,3634286,"HEWLETT, VILLAGE OF"
36059,3634374,"HICKSVILLE, VILLAGE OF"
36059,3637583,"INWOOD, VILLAGE OF"
36059,3637847,"ISLAND PARK, VILLAGE OF"
36059,3638539,"JERICHO, VILLAGE OF"
36059,3639309,"KENSINGTON, VILLAGE OF"
36059,3639694,"KINGS POINT, VILLAGE OF"
36059,3640937,"LAKE SUCCESS, VILLAGE OF"
36059,3641003,"LAKEVIEW, VILLAGE OF"
36059,3641432,"LATTINGTOWN, VILLAGE OF"
36059,3641487,"LAUREL HOLLOW, VILLAGE OF"
36059,3641553,"LAWRENCE, VILLAGE OF"
36059,3642081,"LEVITTOWN, VILLAGE OF"
36059,3642279,"LIDO BEACH, VILLAGE OF"
36059,3643005,"LLOYD HARBOR, VILLAGE OF"
36059,3643192,"LOCUST VALLEY, VILLAGE OF"
36059,3605943335,"LONG BEACH, CITY OF"
36059,3643335,"LONG BEACH, VILLAGE OF"
36059,3643874,"LYNBROOK, VILLAGE OF"
36059,3644792,"MALVERNE PARK OAKS, VILLAGE OF"
36059,3644787,"MALVERNE, VILLAGE OF"
36059,3644908,"MANHASSET HILLS, VILLAGE OF"
36059,3644897,"MANHASSET, VILLAGE OF"
36059,3645106,"MANORHAVEN, VILLAGE OF"
36059,3645997,"MASSAPEQUA PARK, VILLAGE OF"
36059,3645986,"MASSAPEQUA, VILLAGE OF"
36059,3646107,"MATINECOCK, VILLAGE OF"
36059,3646514,"MELVILLE, VILLAGE OF"
36059,3646668,"MERRICK, VILLAGE OF"
36059,3647405,"MILL NECK, VILLAGE OF"
36059,3647636,"MINEOLA, VILLAGE OF"
36059,3649231,"MUNSEY PARK, VILLAGE OF"
36059,3649330,"MUTTONTOWN, VILLAGE OF"
36059,36059,NASSAU COUNTY
36059,3650067,"NEW CASSEL, VILLAGE OF"
36059,3650397,"NEW HYDE PARK, VILLAGE OF"
36059,3651000,"NEW YORK, VILLAGE OF"
36059,3651396,"NORTH AMITYVILLE, VILLAGE OF"
36059,3651517,"NORTH BELLMORE, VILLAGE OF"
36059,3605953000,"NORTH HEMPSTEAD, TOWN OF"
36059,3653022,"NORTH HILLS, VILLAGE OF"
36059,3653231,"NORTH LYNBROOK, VILLAGE OF"
36059,3653253,"NORTH MASSAPEQUA, VILLAGE OF"
36059,3653264,"NORTH MERRICK, VILLAGE OF"
36059,3653275,"NORTH NEW HYDE PARK, VILLAGE OF"
36059,3653748,"NORTH VALLEY STREAM, VILLAGE OF"
36059,3653792,"NORTH WANTAGH, VILLAGE OF"
36059,3654441,"OCEANSIDE, VILLAGE OF"
36059,3654551,"OLD BETHPAGE, VILLAGE OF"
36059,3654562,"OLD BROOKVILLE, VILLAGE OF"
36059,3654705,"OLD WESTBURY, VILLAGE OF"
36059,3656011,"OYSTER BAY COVE, VILLAGE OF"
36059,3605956000,"OYSTER BAY, TOWN OF"
36059,3655992,"OYSTER BAY, VILLAGE OF"
36059,3658409,"PLAINEDGE, VILLAGE OF"
36059,3658442,"PLAINVIEW, VILLAGE OF"
36059,3658486,"PLANDOME HEIGHTS, VILLAGE OF"
36059,3658497,"PLANDOME MANOR, VILLAGE OF"
36059,3658475,"PLANDOME, VILLAGE OF"
36059,3658849,"POINT LOOKOUT, VILLAGE OF"
36059,3659531,"PORT WASHINGTON NORTH, VILLAGE OF"
36059,3659520,"PORT WASHINGTON, VILLAGE OF"
36059,3663264,"ROCKVILLE CENTRE, VILLAGE OF"
36059,3663506,"ROOSEVELT, VILLAGE OF"
36059,3663792,"ROSLYN ESTATES, VILLAGE OF"
36059,3663803,"ROSLYN HARBOR, VILLAGE OF"
36059,3663814,"ROSLYN HEIGHTS, VILLAGE OF"
36059,3663770,"ROSLYN, VILLAGE OF"
36059,3664232,"RUSSELL GARDENS, VILLAGE OF"
36059,3664441,"SADDLE ROCK ESTATES, VILLAGE OF"
36059,3664430,"SADDLE ROCK, VILLAGE OF"
36059,3664842,"SALISBURY, VILLAGE OF"
36059,3665035,"SANDS POINT, VILLAGE OF"
36059,3666047,"SEA CLIFF, VILLAGE OF"
36059,3666058,"SEAFORD, VILLAGE OF"
36059,3666102,"SEARINGTOWN, VILLAGE OF"
36059,3669001,"SOUTH FARMINGDALE, VILLAGE OF"
36059,3669023,"SOUTH FLORAL PARK, VILLAGE OF"
36059,3669188,"SOUTH HEMPSTEAD, VILLAGE OF"
36059,3669892,"SOUTH VALLEY STREAM, VILLAGE OF"
36059,3671267,"STEWART MANOR, VILLAGE OF"
36059,3672554,"SYOSSET, VILLAGE OF"
36059,3673605,"THOMASTON, VILLAGE OF"
36059,3676089,"UNIONDALE, VILLAGE OF"
36059,3676287,"UNIVERSITY GARDENS, VILLAGE OF"
36059,3676331,"UPPER BROOKVILLE, VILLAGE OF"
36059,3676705,"VALLEY STREAM, VILLAGE OF"
36059,3678146,"WANTAGH, VILLAGE OF"
36059,3679444,"WESTBURY, VILLAGE OF"
36059,3680225,"WEST HEMPSTEAD, VILLAGE OF"
36059,3680258,"WEST HILLS, VILLAGE OF"
36059,3682117,"WILLISTON PARK, VILLAGE OF"
36059,3682744,"WOODBURY, VILLAGE OF"
36059,3682942,"WOODMERE, VILLAGE OF"
36059,3682986,"WOODSBURGH, VILLAGE OF"
36061,3606144919,"MANHATTAN, TOWN OF"
36061,36061,NEW YORK COUNTY
36061,3651000,"NEW YORK, VILLAGE OF"
36063,3604440,"BARKER, VILLAGE OF"
36063,3606311803,"CAMBRIA, TOWN OF"
36063,3606300000,"COUNTY SUBDIVISIONS NOT DEFINED, TOWN OF"
36063,3628431,"GASPORT, VILLAGE OF"
36063,3606332490,"HARTLAND, TOWN OF"
36063,3606342158,"LEWISTON, TOWN OF"
36063,3642147,"LEWISTON, VILLAGE OF"
36063,3606343082,"LOCKPORT, CITY OF"
36063,3606343093,"LOCKPORT, TOWN OF"
36063,3643082,"LOCKPORT, VILLAGE OF"
36063,3646998,"MIDDLEPORT, VILLAGE OF"
36063,3606350232,"NEWFANE, TOWN OF"
36063,3650221,"NEWFANE, VILLAGE OF"
36063,36063,NIAGARA COUNTY
36063,3606351055,"NIAGARA FALLS, CITY OF"
36063,3651055,"NIAGARA FALLS, VILLAGE OF"
36063,3606351033,"NIAGARA, TOWN OF"
36063,3606353682,"NORTH TONAWANDA, CITY OF"
36063,3653682,"NORTH TONAWANDA, VILLAGE OF"
36063,3654540,"OLCOTT, VILLAGE OF"
36063,3606357111,"PENDLETON, TOWN OF"
36063,3606359267,"PORTER, TOWN OF"
36063,3660598,"RANSOMVILLE, VILLAGE OF"
36063,3660609,"RAPIDS, VILLAGE OF"
36063,3606364034,"ROYALTON, TOWN OF"
36063,3664958,"SANBORN, VILLAGE OF"
36063,3606368330,"SOMERSET, TOWN OF"
36063,3669386,"SOUTH LOCKPORT, VILLAGE OF"
36063,3606375011,"TONAWANDA, TOWN OF"
36063,3674166,"TONAWANDA, VILLAGE OF"
36063,3674183,"TONAWANDA, VILLAGE OF"
36063,3606375748,"TUSCARORA NATION, TOWN OF"
36063,3606381380,"WHEATFIELD, TOWN OF"
36063,3606382370,"WILSON, TOWN OF"
36063,3682359,"WILSON, VILLAGE OF"
36063,3684143,"YOUNGSTOWN, VILLAGE OF"
36065,3606502253,"ANNSVILLE, TOWN OF"
36065,3606503155,"AUGUSTA, TOWN OF"
36065,3606503309,"AVA, TOWN OF"
36065,3604528,"BARNEVELD, VILLAGE OF"
36065,3606507366,"BOONVILLE, TOWN OF"
36065,3607355,"BOONVILLE, VILLAGE OF"
36065,3606508180,"BRIDGEWATER, TOWN OF"
36065,3608169,"BRIDGEWATER, VILLAGE OF"
36065,3606511858,"CAMDEN, TOWN OF"
36065,3611847,"CAMDEN, VILLAGE OF"
36065,3613662,"CHADWICKS, VILLAGE OF"
36065,3615902,"CLARK MILLS, VILLAGE OF"
36065,3616111,"CLAYVILLE, VILLAGE OF"
36065,3616188,"CLEVELAND, VILLAGE OF"
36065,3616419,"CLINTON, VILLAGE OF"
36065,3606519928,"DEERFIELD, TOWN OF"
36065,3621226,"DURHAMVILLE, VILLAGE OF"
36065,3606526297,"FLORENCE, TOWN OF"
36065,3606526385,"FLOYD, TOWN OF"
36065,3606526627,"FORESTPORT, TOWN OF"
36065,3635144,"HOLLAND PATENT, VILLAGE OF"
36065,3606539804,"KIRKLAND, TOWN OF"
36065,3606541762,"LEE, TOWN OF"
36065,3606545535,"MARCY, TOWN OF"
36065,3606545755,"MARSHALL, TOWN OF"
36065,3606550309,"NEW HARTFORD, TOWN OF"
36065,3650298,"NEW HARTFORD, VILLAGE OF"
36065,3651011,"NEW YORK MILLS, VILLAGE OF"
36065,3654848,"ONEIDA CASTLE, VILLAGE OF"
36065,36065,ONEIDA COUNTY
36065,3654837,"ONEIDA, VILLAGE OF"
36065,3655376,"ORISKANY FALLS, VILLAGE OF"
36065,3655365,"ORISKANY, VILLAGE OF"
36065,3606556330,"PARIS, TOWN OF"
36065,3659883,"PROSPECT, VILLAGE OF"
36065,3606561126,"REMSEN, TOWN OF"
36065,3661115,"REMSEN, VILLAGE OF"
36065,3606563418,"ROME, CITY OF"
36065,3663418,"ROME, VILLAGE OF"
36065,3606565134,"SANGERFIELD, TOWN OF"
36065,3606566993,"SHERRILL, CITY OF"
36065,3666993,"SHERRILL, VILLAGE OF"
36065,3606571212,"STEUBEN, TOWN OF"
36065,3672521,"SYLVAN BEACH, VILLAGE OF"
36065,3606575280,"TRENTON, TOWN OF"
36065,3606576540,"UTICA, CITY OF"
36065,3676540,"UTICA, VILLAGE OF"
36065,3606577123,"VERNON, TOWN OF"
36065,3677112,"VERNON, VILLAGE OF"
36065,3606577178,"VERONA, TOWN OF"
36065,3677167,"VERONA, VILLAGE OF"
36065,3606577486,"VIENNA, TOWN OF"
36065,3678454,"WASHINGTON MILLS, VILLAGE OF"
36065,3678663,"WATERVILLE, VILLAGE OF"
36065,3606579862,"WESTERN, TOWN OF"
36065,3606580533,"WESTMORELAND, TOWN OF"
36065,3680522,"WESTMORELAND, VILLAGE OF"
36065,3681292,"WEST WINFIELD, VILLAGE OF"
36065,3681710,"WHITESBORO, VILLAGE OF"
36065,3606581754,"WHITESTOWN, TOWN OF"
36065,3684099,"YORKVILLE, VILLAGE OF"
36067,3604198,"BALDWINSVILLE, VILLAGE OF"
36067,3608059,"BREWERTON, VILLAGE OF"
36067,3608147,"BRIDGEPORT, VILLAGE OF"
36067,3606711913,"CAMILLUS, TOWN OF"
36067,3611902,"CAMILLUS, VILLAGE OF"
36067,3606715704,"CICERO, TOWN OF"
36067,3606716067,"CLAY, TOWN OF"
36067,3606720478,"DE WITT, TOWN OF"
36067,3623052,"EAST SYRACUSE, VILLAGE OF"
36067,3606723800,"ELBRIDGE, TOWN OF"
36067,3623789,"ELBRIDGE, VILLAGE OF"
36067,3606724878,"FABIUS, TOWN OF"
36067,3624867,"FABIUS, VILLAGE OF"
36067,3625043,"FAIRMOUNT, VILLAGE OF"
36067,3625527,"FAYETTEVILLE, VILLAGE OF"
36067,3628035,"GALEVILLE, VILLAGE OF"
36067,3606728519,"GEDDES, TOWN OF"
36067,3638825,"JORDAN, VILLAGE OF"
36067,3606740266,"LAFAYETTE, TOWN OF"
36067,3640607,"LAKELAND, VILLAGE OF"
36067,3642884,"LIVERPOOL, VILLAGE OF"
36067,3643885,"LYNCOURT, VILLAGE OF"
36067,3606744039,"LYSANDER, TOWN OF"
36067,3606745029,"MANLIUS, TOWN OF"
36067,3645018,"MANLIUS, VILLAGE OF"
36067,3606745491,"MARCELLUS, TOWN OF"
36067,3645480,"MARCELLUS, VILLAGE OF"
36067,3646151,"MATTYDALE, VILLAGE OF"
36067,3647757,"MINOA, VILLAGE OF"
36067,3649726,"NEDROW, VILLAGE OF"
36067,3653660,"NORTH SYRACUSE, VILLAGE OF"
36067,36067,ONONDAGA COUNTY
36067,3606754980,"ONONDAGA NATION, TOWN OF"
36067,3606754958,"ONONDAGA, TOWN OF"
36067,3606755651,"OTISCO, TOWN OF"
36067,3657661,"PHOENIX, VILLAGE OF"
36067,3606759036,"POMPEY, TOWN OF"
36067,3606764815,"SALINA, TOWN OF"
36067,3665024,"SAND RIDGE, VILLAGE OF"
36067,3666366,"SENECA KNOLLS, VILLAGE OF"
36067,3606767521,"SKANEATELES, TOWN OF"
36067,3667510,"SKANEATELES, VILLAGE OF"
36067,3668286,"SOLVAY, VILLAGE OF"
36067,3606770057,"SPAFFORD, TOWN OF"
36067,3606773000,"SYRACUSE, CITY OF"
36067,3673000,"SYRACUSE, VILLAGE OF"
36067,3606775638,"TULLY, TOWN OF"
36067,3675627,"TULLY, VILLAGE OF"
36067,3606776760,"VAN BUREN, TOWN OF"
36067,3677513,"VILLAGE GREEN, VILLAGE OF"
36067,3681127,"WESTVALE, VILLAGE OF"
36069,3606945,"BLOOMFIELD, VILLAGE OF"
36069,3606908378,"BRISTOL, TOWN OF"
36069,3606912100,"CANADICE, TOWN OF"
36069,3606912144,"CANANDAIGUA, CITY OF"
36069,3606912155,"CANANDAIGUA, TOWN OF"
36069,3612144,"CANANDAIGUA, VILLAGE OF"
36069,3616375,"CLIFTON SPRINGS, VILLAGE OF"
36069,3619308,"CRYSTAL BEACH, VILLAGE OF"
36069,3606921699,"EAST BLOOMFIELD, TOWN OF"
36069,3606925406,"FARMINGTON, TOWN OF"
36069,3606928640,"GENEVA, CITY OF"
36069,3606928651,"GENEVA, TOWN OF"
36069,3628640,"GENEVA, VILLAGE OF"
36069,3606929531,"GORHAM, TOWN OF"
36069,3629520,"GORHAM, VILLAGE OF"
36069,3631533,"HALL, VILLAGE OF"
36069,3635364,"HONEOYE FALLS, VILLAGE OF"
36069,3635353,"HONEOYE, VILLAGE OF"
36069,3606935551,"HOPEWELL, TOWN OF"
36069,3606944864,"MANCHESTER, TOWN OF"
36069,3644853,"MANCHESTER, VILLAGE OF"
36069,3606949440,"NAPLES, TOWN OF"
36069,3649429,"NAPLES, VILLAGE OF"
36069,36069,ONTARIO COUNTY
36069,3606957529,"PHELPS, TOWN OF"
36069,3657518,"PHELPS, VILLAGE OF"
36069,3659322,"PORT GIBSON, VILLAGE OF"
36069,3606961544,"RICHMOND, TOWN OF"
36069,3664199,"RUSHVILLE, VILLAGE OF"
36069,3606966289,"SENECA, TOWN OF"
36069,3667257,"SHORTSVILLE, VILLAGE OF"
36069,3606968660,"SOUTH BRISTOL, TOWN OF"
36069,3606977387,"VICTOR, TOWN OF"
36069,3677376,"VICTOR, VILLAGE OF"
36069,3606979356,"WEST BLOOMFIELD, TOWN OF"
36071,3604286,"BALMVILLE, VILLAGE OF"
36071,3605188,"BEAVER DAM LAKE, VILLAGE OF"
36071,3606959,"BLOOMINGBURG, VILLAGE OF"
36071,3607107003,"BLOOMING GROVE, TOWN OF"
36071,3607115308,"CHESTER, TOWN OF"
36071,3615297,"CHESTER, VILLAGE OF"
36071,3618333,"CORNWALL-ON-HUDSON, VILLAGE OF"
36071,3607118300,"CORNWALL, TOWN OF"
36071,3607118916,"CRAWFORD, TOWN OF"
36071,3607119961,"DEERPARK, TOWN OF"
36071,3625857,"FIRTHCLIFFE, VILLAGE OF"
36071,3626319,"FLORIDA, VILLAGE OF"
36071,3626902,"FORT MONTGOMERY, VILLAGE OF"
36071,3628310,"GARDNERTOWN, VILLAGE OF"
36071,3607129553,"GOSHEN, TOWN OF"
36071,3629542,"GOSHEN, VILLAGE OF"
36071,3607130631,"GREENVILLE, TOWN OF"
36071,3630752,"GREENWOOD LAKE, VILLAGE OF"
36071,3607131907,"HAMPTONBURGH, TOWN OF"
36071,3632325,"HARRIMAN, VILLAGE OF"
36071,3634495,"HIGHLAND FALLS, VILLAGE OF"
36071,3607134550,"HIGHLANDS, TOWN OF"
36071,3639853,"KIRYAS JOEL, VILLAGE OF"
36071,3645700,"MARLBORO, VILLAGE OF"
36071,3646162,"MAYBROOK, VILLAGE OF"
36071,3646349,"MECHANICSTOWN, VILLAGE OF"
36071,3607147042,"MIDDLETOWN, CITY OF"
36071,3647042,"MIDDLETOWN, VILLAGE OF"
36071,3607147713,"MINISINK, TOWN OF"
36071,3607147999,"MONROE, TOWN OF"
36071,3647988,"MONROE, VILLAGE OF"
36071,3607148153,"MONTGOMERY, TOWN OF"
36071,3648142,"MONTGOMERY, VILLAGE OF"
36071,3648750,"MOUNTAIN LODGE PARK, VILLAGE OF"
36071,3607148857,"MOUNT HOPE, TOWN OF"
36071,3607150034,"NEWBURGH, CITY OF"
36071,3607150045,"NEWBURGH, TOWN OF"
36071,3650034,"NEWBURGH, VILLAGE OF"
36071,3607150848,"NEW WINDSOR, TOWN OF"
36071,3650837,"NEW WINDSOR, VILLAGE OF"
36071,36071,ORANGE COUNTY
36071,3655189,"ORANGE LAKE, VILLAGE OF"
36071,3655673,"OTISVILLE, VILLAGE OF"
36071,3657980,"PINE BUSH, VILLAGE OF"
36071,3658541,"PLATTEKILL, VILLAGE OF"
36071,3607159388,"PORT JERVIS, CITY OF"
36071,3659388,"PORT JERVIS, VILLAGE OF"
36071,3664859,"SALISBURY MILLS, VILLAGE OF"
36071,3665882,"SCOTCHTOWN, VILLAGE OF"
36071,3667708,"SLOATSBURG, VILLAGE OF"
36071,3668610,"SOUTH BLOOMING GROVE, VILLAGE OF"
36071,3675803,"TUXEDO PARK, VILLAGE OF"
36071,3607175781,"TUXEDO, TOWN OF"
36071,3676210,"UNIONVILLE, VILLAGE OF"
36071,3676584,"VAILS GATE, VILLAGE OF"
36071,3677849,"WALDEN, VILLAGE OF"
36071,3607177992,"WALLKILL, TOWN OF"
36071,3678063,"WALTON PARK, VILLAGE OF"
36071,3607178366,"WARWICK, TOWN OF"
36071,3678355,"WARWICK, VILLAGE OF"
36071,3678421,"WASHINGTON HEIGHTS, VILLAGE OF"
36071,3678465,"WASHINGTONVILLE, VILLAGE OF"
36071,3678487,"WATCHTOWER, VILLAGE OF"
36071,3607178839,"WAWAYANDA, TOWN OF"
36071,3680747,"WEST POINT, VILLAGE OF"
36071,3607182755,"WOODBURY, TOWN OF"
36071,3682750,"WOODBURY, VILLAGE OF"
36073,3607301044,"ALBION, TOWN OF"
36073,3601033,"ALBION, VILLAGE OF"
36073,3607304572,"BARRE, TOWN OF"
36073,3607312496,"CARLTON, TOWN OF"
36073,3607315880,"CLARENDON, TOWN OF"
36073,3607300000,"COUNTY SUBDIVISIONS NOT DEFINED, TOWN OF"
36073,3607327958,"GAINES, TOWN OF"
36073,3635155,"HOLLEY, VILLAGE OF"
36073,3607339188,"KENDALL, TOWN OF"
36073,3643918,"LYNDONVILLE, VILLAGE OF"
36073,3646415,"MEDINA, VILLAGE OF"
36073,3607349286,"MURRAY, TOWN OF"
36073,36073,ORLEANS COUNTY
36073,3607361742,"RIDGEWAY, TOWN OF"
36073,3607366751,"SHELBY, TOWN OF"
36073,3607383448,"YATES, TOWN OF"
36075,3607501055,"ALBION, TOWN OF"
36075,3601550,"ALTMAR, VILLAGE OF"
36075,3607501649,"AMBOY, TOWN OF"
36075,3607507674,"BOYLSTON, TOWN OF"
36075,3608059,"BREWERTON, VILLAGE OF"
36075,3613585,"CENTRAL SQUARE, VILLAGE OF"
36075,3616188,"CLEVELAND, VILLAGE OF"
36075,3607517904,"CONSTANTIA, TOWN OF"
36075,3617893,"CONSTANTIA, VILLAGE OF"
36075,3607500000,"COUNTY SUBDIVISIONS NOT DEFINED, TOWN OF"
36075,3607527815,"FULTON, CITY OF"
36075,3627815,"FULTON, VILLAGE OF"
36075,3607529729,"GRANBY, TOWN OF"
36075,3607532028,"HANNIBAL, TOWN OF"
36075,3632017,"HANNIBAL, VILLAGE OF"
36075,3607532688,"HASTINGS, TOWN OF"
36075,3640200,"LACONA, VILLAGE OF"
36075,3607546822,"MEXICO, TOWN OF"
36075,3646811,"MEXICO, VILLAGE OF"
36075,3607547691,"MINETTO, TOWN OF"
36075,3647680,"MINETTO, VILLAGE OF"
36075,3607550342,"NEW HAVEN, TOWN OF"
36075,3607555453,"ORWELL, TOWN OF"
36075,3607555574,"OSWEGO, CITY OF"
36075,36075,OSWEGO COUNTY
36075,3607555585,"OSWEGO, TOWN OF"
36075,3655574,"OSWEGO, VILLAGE OF"
36075,3607556154,"PALERMO, TOWN OF"
36075,3607556352,"PARISH, TOWN OF"
36075,3656341,"PARISH, VILLAGE OF"
36075,3657661,"PHOENIX, VILLAGE OF"
36075,3659960,"PULASKI, VILLAGE OF"
36075,3607560873,"REDFIELD, TOWN OF"
36075,3607561533,"RICHLAND, TOWN OF"
36075,3665024,"SAND RIDGE, VILLAGE OF"
36075,3607565079,"SANDY CREEK, TOWN OF"
36075,3665068,"SANDY CREEK, VILLAGE OF"
36075,3607565618,"SCHROEPPEL, TOWN OF"
36075,3607565992,"SCRIBA, TOWN OF"
36075,3672327,"SUNY OSWEGO, VILLAGE OF"
36075,3607577662,"VOLNEY, TOWN OF"
36075,3607580500,"WEST MONROE, TOWN OF"
36075,3607582073,"WILLIAMSTOWN, TOWN OF"
36077,3608169,"BRIDGEWATER, VILLAGE OF"
36077,3607711209,"BURLINGTON, TOWN OF"
36077,3607711528,"BUTTERNUTS, TOWN OF"
36077,3607715253,"CHERRY VALLEY, TOWN OF"
36077,3615242,"CHERRY VALLEY, VILLAGE OF"
36077,3618047,"COOPERSTOWN, VILLAGE OF"
36077,3607719895,"DECATUR, TOWN OF"
36077,3607723613,"EDMESTON, TOWN OF"
36077,3623602,"EDMESTON, VILLAGE OF"
36077,3607724845,"EXETER, TOWN OF"
36077,3628959,"GILBERTSVILLE, VILLAGE OF"
36077,3607732589,"HARTWICK, TOWN OF"
36077,3632578,"HARTWICK, VILLAGE OF"
36077,3607741531,"LAURENS, TOWN OF"
36077,3641520,"LAURENS, VILLAGE OF"
36077,3607745920,"MARYLAND, TOWN OF"
36077,3607746910,"MIDDLEFIELD, TOWN OF"
36077,3607747240,"MILFORD, TOWN OF"
36077,3647229,"MILFORD, VILLAGE OF"
36077,3607748494,"MORRIS, TOWN OF"
36077,3648483,"MORRIS, VILLAGE OF"
36077,3649946,"NEW BERLIN, VILLAGE OF"
36077,3607750485,"NEW LISBON, TOWN OF"
36077,3607754881,"ONEONTA, CITY OF"
36077,3607754892,"ONEONTA, TOWN OF"
36077,3654881,"ONEONTA, VILLAGE OF"
36077,3607755629,"OTEGO, TOWN OF"
36077,3655618,"OTEGO, VILLAGE OF"
36077,36077,OTSEGO COUNTY
36077,3607755695,"OTSEGO, TOWN OF"
36077,3607758343,"PITTSFIELD, TOWN OF"
36077,3607758420,"PLAINFIELD, TOWN OF"
36077,3661489,"RICHFIELD SPRINGS, VILLAGE OF"
36077,3607761467,"RICHFIELD, TOWN OF"
36077,3607763638,"ROSEBOOM, TOWN OF"
36077,3665519,"SCHENEVUS, VILLAGE OF"
36077,3667334,"SIDNEY, VILLAGE OF"
36077,3607770310,"SPRINGFIELD, TOWN OF"
36077,3607776012,"UNADILLA, TOWN OF"
36077,3676001,"UNADILLA, VILLAGE OF"
36077,3679796,"WEST END, VILLAGE OF"
36077,3607779972,"WESTFORD, TOWN OF"
36077,3607783129,"WORCESTER, TOWN OF"
36077,3683118,"WORCESTER, VILLAGE OF"
36079,3608092,"BREWSTER HILL, VILLAGE OF"
36079,3608070,"BREWSTER, VILLAGE OF"
36079,3612532,"CARMEL HAMLET, VILLAGE OF"
36079,3607912529,"CARMEL, TOWN OF"
36079,3616936,"COLD SPRING, VILLAGE OF"
36079,3634118,"HERITAGE HILLS, VILLAGE OF"
36079,3638500,"JEFFERSON VALLEY-YORKTOWN, VILLAGE OF"
36079,3607939331,"KENT, TOWN OF"
36079,3640398,"LAKE CARMEL, VILLAGE OF"
36079,3640689,"LAKE MOHEGAN, VILLAGE OF"
36079,3642455,"LINCOLNDALE, VILLAGE OF"
36079,3644534,"MAHOPAC, VILLAGE OF"
36079,3649781,"NELSONVILLE, VILLAGE OF"
36079,3607956748,"PATTERSON, TOWN OF"
36079,3656869,"PEACH LAKE, VILLAGE OF"
36079,3607957584,"PHILIPSTOWN, TOWN OF"
36079,36079,PUTNAM COUNTY
36079,3660103,"PUTNAM LAKE, VILLAGE OF"
36079,3607960147,"PUTNAM VALLEY, TOWN OF"
36079,3667279,"SHRUB OAK, VILLAGE OF"
36079,3607968924,"SOUTHEAST, TOWN OF"
36081,3602968,"ATLANTIC BEACH, VILLAGE OF"
36081,3605661,"BELLEROSE TERRACE, VILLAGE OF"
36081,3605639,"BELLEROSE, VILLAGE OF"
36081,3624273,"ELMONT, VILLAGE OF"
36081,3626264,"FLORAL PARK, VILLAGE OF"
36081,3630191,"GREAT NECK ESTATES, VILLAGE OF"
36081,3632094,"HARBOR HILLS, VILLAGE OF"
36081,3637583,"INWOOD, VILLAGE OF"
36081,3640937,"LAKE SUCCESS, VILLAGE OF"
36081,3641553,"LAWRENCE, VILLAGE OF"
36081,3651000,"NEW YORK, VILLAGE OF"
36081,3653275,"NORTH NEW HYDE PARK, VILLAGE OF"
36081,3653748,"NORTH VALLEY STREAM, VILLAGE OF"
36081,36081,QUEENS COUNTY
36081,3608160323,"QUEENS, TOWN OF"
36081,3669892,"SOUTH VALLEY STREAM, VILLAGE OF"
36081,3676287,"UNIVERSITY GARDENS, VILLAGE OF"
36081,3676705,"VALLEY STREAM, VILLAGE OF"
36081,3682942,"WOODMERE, VILLAGE OF"
36083,3601000,"ALBANY, VILLAGE OF"
36083,3603320,"AVERILL PARK, VILLAGE OF"
36083,3608306189,"BERLIN, TOWN OF"
36083,3608310275,"BRUNSWICK, TOWN OF"
36083,3612870,"CASTLETON-ON-HUDSON, VILLAGE OF"
36083,3616749,"COHOES, VILLAGE OF"
36083,3608322117,"EAST GREENBUSH, TOWN OF"
36083,3622106,"EAST GREENBUSH, VILLAGE OF"
36083,3622557,"EAST NASSAU, VILLAGE OF"
36083,3608329674,"GRAFTON, TOWN OF"
36083,3630521,"GREEN ISLAND, VILLAGE OF"
36083,3631918,"HAMPTON MANOR, VILLAGE OF"
36083,3635474,"HOOSICK FALLS, VILLAGE OF"
36083,3608335463,"HOOSICK, TOWN OF"
36083,3646360,"MECHANICVILLE, VILLAGE OF"
36083,3646536,"MENANDS, VILLAGE OF"
36083,3608349517,"NASSAU, TOWN OF"
36083,3649506,"NASSAU, VILLAGE OF"
36083,3608352100,"NORTH GREENBUSH, TOWN OF"
36083,3608357441,"PETERSBURGH, TOWN OF"
36083,3608358398,"PITTSTOWN, TOWN OF"
36083,3608358805,"POESTENKILL, TOWN OF"
36083,3658794,"POESTENKILL, VILLAGE OF"
36083,3608361148,"RENSSELAER, CITY OF"
36083,36083,RENSSELAER COUNTY
36083,3661148,"RENSSELAER, VILLAGE OF"
36083,3608365013,"SAND LAKE, TOWN OF"
36083,3608365486,"SCHAGHTICOKE, TOWN OF"
36083,3665475,"SCHAGHTICOKE, VILLAGE OF"
36083,3608365541,"SCHODACK, TOWN OF"
36083,3608371102,"STEPHENTOWN, TOWN OF"
36083,3671322,"STILLWATER, VILLAGE OF"
36083,3608375484,"TROY, CITY OF"
36083,3675484,"TROY, VILLAGE OF"
36083,3676672,"VALLEY FALLS, VILLAGE OF"
36083,3678520,"WATERFORD, VILLAGE OF"
36083,3678674,"WATERVLIET, VILLAGE OF"
36083,3680863,"WEST SAND LAKE, VILLAGE OF"
36083,3683349,"WYNANTSKILL, VILLAGE OF"
36085,3651000,"NEW YORK, VILLAGE OF"
36085,36085,RICHMOND COUNTY
36085,3608570915,"STATEN ISLAND, TOWN OF"
36087,3600408,"AIRMONT, VILLAGE OF"
36087,3604396,"BARDONIA, VILLAGE OF"
36087,3606860,"BLAUVELT, VILLAGE OF"
36087,3608103,"BRIARCLIFF MANOR, VILLAGE OF"
36087,3610341,"BUCHANAN, VILLAGE OF"
36087,3615400,"CHESTNUT RIDGE, VILLAGE OF"
36087,3608715968,"CLARKSTOWN, TOWN OF"
36087,3617739,"CONGERS, VILLAGE OF"
36087,3619213,"CROTON-ON-HUDSON, VILLAGE OF"
36087,3619290,"CRUGERS, VILLAGE OF"
36087,3620698,"DOBBS FERRY, VILLAGE OF"
36087,3629872,"GRAND VIEW-ON-HUDSON, VILLAGE OF"
36087,3632710,"HASTINGS-ON-HUDSON, VILLAGE OF"
36087,3608732765,"HAVERSTRAW, TOWN OF"
36087,3632754,"HAVERSTRAW, VILLAGE OF"
36087,3634660,"HILLBURN, VILLAGE OF"
36087,3634693,"HILLCREST, VILLAGE OF"
36087,3637803,"IRVINGTON, VILLAGE OF"
36087,3638934,"KASER, VILLAGE OF"
36087,3648010,"MONSEY, VILLAGE OF"
36087,3648090,"MONTEBELLO, VILLAGE OF"
36087,3648879,"MOUNT IVY, VILLAGE OF"
36087,3649407,"NANUET, VILLAGE OF"
36087,3650100,"NEW CITY, VILLAGE OF"
36087,3650353,"NEW HEMPSTEAD, VILLAGE OF"
36087,3650705,"NEW SQUARE, VILLAGE OF"
36087,3654100,"NYACK, VILLAGE OF"
36087,3655167,"ORANGEBURG, VILLAGE OF"
36087,3608755211,"ORANGETOWN, TOWN OF"
36087,3655530,"OSSINING, VILLAGE OF"
36087,3656902,"PEARL RIVER, VILLAGE OF"
36087,3656979,"PEEKSKILL, VILLAGE OF"
36087,3657749,"PIERMONT, VILLAGE OF"
36087,3658992,"POMONA, VILLAGE OF"
36087,3608760510,"RAMAPO, TOWN OF"
36087,36087,ROCKLAND COUNTY
36087,3667638,"SLEEPY HOLLOW, VILLAGE OF"
36087,3667708,"SLOATSBURG, VILLAGE OF"
36087,3669441,"SOUTH NYACK, VILLAGE OF"
36087,3670068,"SPARKILL, VILLAGE OF"
36087,3670420,"SPRING VALLEY, VILLAGE OF"
36087,3608771674,"STONY POINT, TOWN OF"
36087,3671663,"STONY POINT, VILLAGE OF"
36087,3671894,"SUFFERN, VILLAGE OF"
36087,3673154,"TAPPAN, VILLAGE OF"
36087,3673176,"TARRYTOWN, VILLAGE OF"
36087,3673583,"THIELLS, VILLAGE OF"
36087,3676386,"UPPER NYACK, VILLAGE OF"
36087,3676661,"VALLEY COTTAGE, VILLAGE OF"
36087,3677574,"VIOLA, VILLAGE OF"
36087,3679174,"WESLEY HILLS, VILLAGE OF"
36087,3680203,"WEST HAVERSTRAW, VILLAGE OF"
36087,3680599,"WEST NYACK, VILLAGE OF"
36087,3682750,"WOODBURY, VILLAGE OF"
36089,3607960,"BRASHER FALLS, VILLAGE OF"
36089,3608907938,"BRASHER, TOWN OF"
36089,3608912342,"CANTON, TOWN OF"
36089,3612331,"CANTON, VILLAGE OF"
36089,3608915792,"CLARE, TOWN OF"
36089,3608916287,"CLIFTON, TOWN OF"
36089,3608917409,"COLTON, TOWN OF"
36089,3617398,"COLTON, VILLAGE OF"
36089,3618817,"CRANBERRY LAKE, VILLAGE OF"
36089,3620049,"DEKALB JUNCTION, VILLAGE OF"
36089,3608920038,"DE KALB, TOWN OF"
36089,3608920335,"DE PEYSTER, TOWN OF"
36089,3608923646,"EDWARDS, TOWN OF"
36089,3623635,"EDWARDS, VILLAGE OF"
36089,3608925791,"FINE, TOWN OF"
36089,3608927100,"FOWLER, TOWN OF"
36089,3608929608,"GOUVERNEUR, TOWN OF"
36089,3629597,"GOUVERNEUR, VILLAGE OF"
36089,3631346,"HAILESBORO, VILLAGE OF"
36089,3608931841,"HAMMOND, TOWN OF"
36089,3631830,"HAMMOND, VILLAGE OF"
36089,3632006,"HANNAWA FALLS, VILLAGE OF"
36089,3632424,"HARRISVILLE, VILLAGE OF"
36089,3608934176,"HERMON, TOWN OF"
36089,3634165,"HERMON, VILLAGE OF"
36089,3634264,"HEUVELTON, VILLAGE OF"
36089,3608935595,"HOPKINTON, TOWN OF"
36089,3608941564,"LAWRENCE, TOWN OF"
36089,3608942631,"LISBON, TOWN OF"
36089,3608943588,"LOUISVILLE, TOWN OF"
36089,3608944391,"MACOMB, TOWN OF"
36089,3608944490,"MADRID, TOWN OF"
36089,3644479,"MADRID, VILLAGE OF"
36089,3608946030,"MASSENA, TOWN OF"
36089,3646019,"MASSENA, VILLAGE OF"
36089,3608948582,"MORRISTOWN, TOWN OF"
36089,3648571,"MORRISTOWN, VILLAGE OF"
36089,3608951330,"NORFOLK, TOWN OF"
36089,3651319,"NORFOLK, VILLAGE OF"
36089,3654012,"NORWOOD, VILLAGE OF"
36089,3608954485,"OGDENSBURG, CITY OF"
36089,3654485,"OGDENSBURG, VILLAGE OF"
36089,3608955563,"OSWEGATCHIE, TOWN OF"
36089,3608956374,"PARISHVILLE, TOWN OF"
36089,3656363,"PARISHVILLE, VILLAGE OF"
36089,3608957716,"PIERCEFIELD, TOWN OF"
36089,3608957771,"PIERREPONT, TOWN OF"
36089,3608958266,"PITCAIRN, TOWN OF"
36089,3608959575,"POTSDAM, TOWN OF"
36089,3659564,"POTSDAM, VILLAGE OF"
36089,3661159,"RENSSELAER FALLS, VILLAGE OF"
36089,3661621,"RICHVILLE, VILLAGE OF"
36089,3608963858,"ROSSIE, TOWN OF"
36089,3608964221,"RUSSELL, TOWN OF"
36089,3670849,"STAR LAKE, VILLAGE OF"
36089,36089,ST. LAWRENCE COUNTY
36089,3608971410,"STOCKHOLM, TOWN OF"
36089,3608977739,"WADDINGTON, TOWN OF"
36089,3677728,"WADDINGTON, VILLAGE OF"
36089,3682612,"WINTHROP, VILLAGE OF"
36091,3604253,"BALLSTON SPA, VILLAGE OF"
36091,3609104220,"BALLSTON, TOWN OF"
36091,3609113926,"CHARLTON, TOWN OF"
36091,3609116353,"CLIFTON PARK, TOWN OF"
36091,3616749,"COHOES, VILLAGE OF"
36091,3609118223,"CORINTH, TOWN OF"
36091,3618212,"CORINTH, VILLAGE OF"
36091,3618542,"COUNTRY KNOLLS, VILLAGE OF"
36091,3609119807,"DAY, TOWN OF"
36091,3622084,"EAST GLENVILLE, VILLAGE OF"
36091,3609123591,"EDINBURG, TOWN OF"
36091,3626770,"FORT EDWARD, VILLAGE OF"
36091,3609128112,"GALWAY, TOWN OF"
36091,3628101,"GALWAY, VILLAGE OF"
36091,3629333,"GLENS FALLS, VILLAGE OF"
36091,3609130444,"GREENFIELD, TOWN OF"
36091,3609131269,"HADLEY, TOWN OF"
36091,3631258,"HADLEY, VILLAGE OF"
36091,3609131489,"HALFMOON, TOWN OF"
36091,3635980,"HUDSON FALLS, VILLAGE OF"
36091,3640651,"LAKE LUZERNE, VILLAGE OF"
36091,3609144743,"MALTA, TOWN OF"
36091,3609146360,"MECHANICVILLE, CITY OF"
36091,3646360,"MECHANICVILLE, VILLAGE OF"
36091,3609147537,"MILTON, TOWN OF"
36091,3647548,"MILTON, VILLAGE OF"
36091,3609148318,"MOREAU, TOWN OF"
36091,3651467,"NORTH BALLSTON SPA, VILLAGE OF"
36091,3609153737,"NORTHUMBERLAND, TOWN OF"
36091,3609159949,"PROVIDENCE, TOWN OF"
36091,3663957,"ROUND LAKE, VILLAGE OF"
36091,36091,SARATOGA COUNTY
36091,3609165255,"SARATOGA SPRINGS, CITY OF"
36091,3665255,"SARATOGA SPRINGS, VILLAGE OF"
36091,3609165244,"SARATOGA, TOWN OF"
36091,3665750,"SCHUYLERVILLE, VILLAGE OF"
36091,3669078,"SOUTH GLENS FALLS, VILLAGE OF"
36091,3609171333,"STILLWATER, TOWN OF"
36091,3671322,"STILLWATER, VILLAGE OF"
36091,3675484,"TROY, VILLAGE OF"
36091,3677431,"VICTORY, VILLAGE OF"
36091,3609178531,"WATERFORD, TOWN OF"
36091,3678520,"WATERFORD, VILLAGE OF"
36091,3680082,"WEST GLENS FALLS, VILLAGE OF"
36091,3609182403,"WILTON, TOWN OF"
36093,3620082,"DELANSON, VILLAGE OF"
36093,3620989,"DUANE LAKE, VILLAGE OF"
36093,3609321006,"DUANESBURG, TOWN OF"
36093,3620995,"DUANESBURG, VILLAGE OF"
36093,3622084,"EAST GLENVILLE, VILLAGE OF"
36093,3624713,"ESPERANCE, VILLAGE OF"
36093,3609329366,"GLENVILLE, TOWN OF"
36093,3645573,"MARIAVILLE LAKE, VILLAGE OF"
36093,3609351264,"NISKAYUNA, TOWN OF"
36093,3651262,"NISKAYUNA, VILLAGE OF"
36093,3609359861,"PRINCETOWN, TOWN OF"
36093,3609363935,"ROTTERDAM, TOWN OF"
36093,3663924,"ROTTERDAM, VILLAGE OF"
36093,3609365508,"SCHENECTADY, CITY OF"
36093,36093,SCHENECTADY COUNTY
36093,3665508,"SCHENECTADY, VILLAGE OF"
36093,3665893,"SCOTIA, VILLAGE OF"
36095,3609506893,"BLENHEIM, TOWN OF"
36095,3609510154,"BROOME, TOWN OF"
36095,3609512452,"CARLISLE, TOWN OF"
36095,3613530,"CENTRAL BRIDGE, VILLAGE OF"
36095,3609516639,"COBLESKILL, TOWN OF"
36095,3616628,"COBLESKILL, VILLAGE OF"
36095,3609517651,"CONESVILLE, TOWN OF"
36095,3609524724,"ESPERANCE, TOWN OF"
36095,3624713,"ESPERANCE, VILLAGE OF"
36095,3609527826,"FULTON, TOWN OF"
36095,3609528981,"GILBOA, TOWN OF"
36095,3609538440,"JEFFERSON, TOWN OF"
36095,3609546855,"MIDDLEBURGH, TOWN OF"
36095,3646866,"MIDDLEBURGH, VILLAGE OF"
36095,3659740,"PRATTSVILLE, VILLAGE OF"
36095,3659831,"PRESTON-POTTER HOLLOW, VILLAGE OF"
36095,3609561599,"RICHMONDVILLE, TOWN OF"
36095,3661588,"RICHMONDVILLE, VILLAGE OF"
36095,36095,SCHOHARIE COUNTY
36095,3609565596,"SCHOHARIE, TOWN OF"
36095,3665585,"SCHOHARIE, VILLAGE OF"
36095,3609566542,"SEWARD, TOWN OF"
36095,3666663,"SHARON SPRINGS, VILLAGE OF"
36095,3609566641,"SHARON, TOWN OF"
36095,3609572070,"SUMMIT, TOWN OF"
36095,3609583195,"WRIGHT, TOWN OF"
36097,3611132,"BURDETT, VILLAGE OF"
36097,3609712914,"CATHARINE, TOWN OF"
36097,3609713112,"CAYUTA, TOWN OF"
36097,3609720676,"DIX, TOWN OF"
36097,3609733073,"HECTOR, TOWN OF"
36097,3648197,"MONTOUR FALLS, VILLAGE OF"
36097,3609748186,"MONTOUR, TOWN OF"
36097,3654452,"ODESSA, VILLAGE OF"
36097,3609755156,"ORANGE, TOWN OF"
36097,3609760763,"READING, TOWN OF"
36097,36097,SCHUYLER COUNTY
36097,3609775924,"TYRONE, TOWN OF"
36097,3678696,"WATKINS GLEN, VILLAGE OF"
36099,3613068,"CAYUGA, VILLAGE OF"
36099,3609918663,"COVERT, TOWN OF"
36099,3609925505,"FAYETTE, TOWN OF"
36099,3609928640,"GENEVA, CITY OF"
36099,3628640,"GENEVA, VILLAGE OF"
36099,3637528,"INTERLAKEN, VILLAGE OF"
36099,3609938858,"JUNIUS, TOWN OF"
36099,3609943225,"LODI, TOWN OF"
36099,3643214,"LODI, VILLAGE OF"
36099,3609955827,"OVID, TOWN OF"
36099,3655816,"OVID, VILLAGE OF"
36099,3609963440,"ROMULUS, TOWN OF"
36099,3663429,"ROMULUS, VILLAGE OF"
36099,36099,SENECA COUNTY
36099,3609966333,"SENECA FALLS, TOWN OF"
36099,3666322,"SENECA FALLS, VILLAGE OF"
36099,3675506,"TRUMANSBURG, VILLAGE OF"
36099,3609975902,"TYRE, TOWN OF"
36099,3609976958,"VARICK, TOWN OF"
36099,3609978564,"WATERLOO, TOWN OF"
36099,3678553,"WATERLOO, VILLAGE OF"
36101,3610100287,"ADDISON, TOWN OF"
36101,3600276,"ADDISON, VILLAGE OF"
36101,3601440,"ALMOND, VILLAGE OF"
36101,3602583,"ARKPORT, VILLAGE OF"
36101,3610103342,"AVOCA, TOWN OF"
36101,3603331,"AVOCA, VILLAGE OF"
36101,3610104770,"BATH, TOWN OF"
36101,3604759,"BATH, VILLAGE OF"
36101,3606464,"BIG FLATS, VILLAGE OF"
36101,3610107740,"BRADFORD, TOWN OF"
36101,3610111880,"CAMERON, TOWN OF"
36101,3610111946,"CAMPBELL, TOWN OF"
36101,3611935,"CAMPBELL, VILLAGE OF"
36101,3610112265,"CANISTEO, TOWN OF"
36101,3612254,"CANISTEO, VILLAGE OF"
36101,3610112991,"CATON, TOWN OF"
36101,3610116738,"COHOCTON, TOWN OF"
36101,3616727,"COHOCTON, VILLAGE OF"
36101,3618036,"COOPERS PLAINS, VILLAGE OF"
36101,3610118256,"CORNING, CITY OF"
36101,3610118267,"CORNING, TOWN OF"
36101,3618256,"CORNING, VILLAGE OF"
36101,3610119675,"DANSVILLE, TOWN OF"
36101,3610124647,"ERWIN, TOWN OF"
36101,3610127551,"FREMONT, TOWN OF"
36101,3628145,"GANG MILLS, VILLAGE OF"
36101,3610130741,"GREENWOOD, TOWN OF"
36101,3631852,"HAMMONDSPORT, VILLAGE OF"
36101,3610132567,"HARTSVILLE, TOWN OF"
36101,3610135661,"HORNBY, TOWN OF"
36101,3610135672,"HORNELL, CITY OF"
36101,3610135683,"HORNELLSVILLE, TOWN OF"
36101,3635672,"HORNELL, VILLAGE OF"
36101,3610135837,"HOWARD, TOWN OF"
36101,3610138319,"JASPER, TOWN OF"
36101,3610142576,"LINDLEY, TOWN OF"
36101,3653055,"NORTH HORNELL, VILLAGE OF"
36101,3656088,"PAINTED POST, VILLAGE OF"
36101,3610159718,"PRATTSBURGH, TOWN OF"
36101,3659708,"PRATTSBURGH, VILLAGE OF"
36101,3610159982,"PULTENEY, TOWN OF"
36101,3610160653,"RATHBONE, TOWN OF"
36101,3662061,"RIVERSIDE, VILLAGE OF"
36101,3665354,"SAVONA, VILLAGE OF"
36101,3668847,"SOUTH CORNING, VILLAGE OF"
36101,36101,STEUBEN COUNTY
36101,3610173836,"THURSTON, TOWN OF"
36101,3610175440,"TROUPSBURG, TOWN OF"
36101,3610175737,"TUSCARORA, TOWN OF"
36101,3610176496,"URBANA, TOWN OF"
36101,3610178861,"WAYLAND, TOWN OF"
36101,3678850,"WAYLAND, VILLAGE OF"
36101,3610178883,"WAYNE, TOWN OF"
36101,3610181105,"WEST UNION, TOWN OF"
36101,3610181457,"WHEELER, TOWN OF"
36101,3610182843,"WOODHULL, TOWN OF"
36103,3601594,"AMAGANSETT, VILLAGE OF"
36103,3602044,"AMITYVILLE, VILLAGE OF"
36103,3602374,"AQUEBOGUE, VILLAGE OF"
36103,3602737,"ASHAROKEN, VILLAGE OF"
36103,3610304000,"BABYLON, TOWN OF"
36103,3603408,"BABYLON, VILLAGE OF"
36103,3604055,"BAITING HOLLOW, VILLAGE OF"
36103,3604913,"BAYPORT, VILLAGE OF"
36103,3604935,"BAY SHORE, VILLAGE OF"
36103,3605039,"BAYWOOD, VILLAGE OF"
36103,3605672,"BELLE TERRE, VILLAGE OF"
36103,3605771,"BELLPORT, VILLAGE OF"
36103,3607069,"BLUE POINT, VILLAGE OF"
36103,3607157,"BOHEMIA, VILLAGE OF"
36103,3608026,"BRENTWOOD, VILLAGE OF"
36103,3608136,"BRIDGEHAMPTON, VILLAGE OF"
36103,3608323,"BRIGHTWATERS, VILLAGE OF"
36103,3610310000,"BROOKHAVEN, TOWN OF"
36103,3609000,"BROOKHAVEN, VILLAGE OF"
36103,3611781,"CALVERTON, VILLAGE OF"
36103,3613376,"CENTEREACH, VILLAGE OF"
36103,3613420,"CENTER MORICHES, VILLAGE OF"
36103,3613442,"CENTERPORT, VILLAGE OF"
36103,3613552,"CENTRAL ISLIP, VILLAGE OF"
36103,3616958,"COLD SPRING HARBOR, VILLAGE OF"
36103,3617530,"COMMACK, VILLAGE OF"
36103,3618146,"COPIAGUE, VILLAGE OF"
36103,3618157,"CORAM, VILLAGE OF"
36103,3619466,"CUTCHOGUE, VILLAGE OF"
36103,3619972,"DEER PARK, VILLAGE OF"
36103,3620379,"DERING HARBOR, VILLAGE OF"
36103,3620687,"DIX HILLS, VILLAGE OF"
36103,3621985,"EAST FARMINGDALE, VILLAGE OF"
36103,3622200,"EAST HAMPTON NORTH, VILLAGE OF"
36103,3610322194,"EAST HAMPTON, TOWN OF"
36103,3622183,"EAST HAMPTON, VILLAGE OF"
36103,3622315,"EAST ISLIP, VILLAGE OF"
36103,3622447,"EAST MARION, VILLAGE OF"
36103,3622480,"EAST MASSAPEQUA, VILLAGE OF"
36103,3622546,"EAST MORICHES, VILLAGE OF"
36103,3622612,"EAST NORTHPORT, VILLAGE OF"
36103,3622733,"EAST PATCHOGUE, VILLAGE OF"
36103,3622810,"EASTPORT, VILLAGE OF"
36103,3622832,"EAST QUOGUE, VILLAGE OF"
36103,3622980,"EAST SHOREHAM, VILLAGE OF"
36103,3623316,"EATONS NECK, VILLAGE OF"
36103,3624405,"ELWOOD, VILLAGE OF"
36103,3625384,"FARMINGDALE, VILLAGE OF"
36103,3625417,"FARMINGVILLE, VILLAGE OF"
36103,3625839,"FIRE ISLAND, VILLAGE OF"
36103,3625923,"FISHERS ISLAND, VILLAGE OF"
36103,3626121,"FLANDERS, VILLAGE OF"
36103,3626946,"FORT SALONGA, VILLAGE OF"
36103,3628990,"GILGO, VILLAGE OF"
36103,3629509,"GORDON HEIGHTS, VILLAGE OF"
36103,3630235,"GREAT RIVER, VILLAGE OF"
36103,3630543,"GREENLAWN, VILLAGE OF"
36103,3630576,"GREENPORT, VILLAGE OF"
36103,3630581,"GREENPORT WEST, VILLAGE OF"
36103,3631445,"HALESITE, VILLAGE OF"
36103,3631896,"HAMPTON BAYS, VILLAGE OF"
36103,3632732,"HAUPPAUGE, VILLAGE OF"
36103,3632963,"HEAD OF THE HARBOR, VILLAGE OF"
36103,3635056,"HOLBROOK, VILLAGE OF"
36103,3635254,"HOLTSVILLE, VILLAGE OF"
36103,3637022,"HUNTINGTON BAY, VILLAGE OF"
36103,3637044,"HUNTINGTON STATION, VILLAGE OF"
36103,3610337000,"HUNTINGTON, TOWN OF"
36103,3636233,"HUNTINGTON, VILLAGE OF"
36103,3637840,"ISLANDIA, VILLAGE OF"
36103,3638022,"ISLIP TERRACE, VILLAGE OF"
36103,3610338000,"ISLIP, TOWN OF"
36103,3637869,"ISLIP, VILLAGE OF"
36103,3638253,"JAMESPORT, VILLAGE OF"
36103,3639672,"KINGS PARK, VILLAGE OF"
36103,3640530,"LAKE GROVE, VILLAGE OF"
36103,3640838,"LAKE RONKONKOMA, VILLAGE OF"
36103,3641487,"LAUREL HOLLOW, VILLAGE OF"
36103,3641465,"LAUREL, VILLAGE OF"
36103,3642554,"LINDENHURST, VILLAGE OF"
36103,3643005,"LLOYD HARBOR, VILLAGE OF"
36103,3645139,"MANORVILLE, VILLAGE OF"
36103,3646085,"MASTIC BEACH, VILLAGE OF"
36103,3646074,"MASTIC, VILLAGE OF"
36103,3646140,"MATTITUCK, VILLAGE OF"
36103,3646404,"MEDFORD, VILLAGE OF"
36103,3646514,"MELVILLE, VILLAGE OF"
36103,3646976,"MIDDLE ISLAND, VILLAGE OF"
36103,3647306,"MILLER PLACE, VILLAGE OF"
36103,3648054,"MONTAUK, VILLAGE OF"
36103,3648450,"MORICHES, VILLAGE OF"
36103,3649066,"MOUNT SINAI, VILLAGE OF"
36103,3649424,"NAPEAGUE, VILLAGE OF"
36103,3649825,"NESCONSET, VILLAGE OF"
36103,3650727,"NEW SUFFOLK, VILLAGE OF"
36103,3651286,"NISSEQUOGUE, VILLAGE OF"
36103,3651396,"NORTH AMITYVILLE, VILLAGE OF"
36103,3651418,"NORTHAMPTON, VILLAGE OF"
36103,3651440,"NORTH BABYLON, VILLAGE OF"
36103,3651495,"NORTH BAY SHORE, VILLAGE OF"
36103,3651528,"NORTH BELLPORT, VILLAGE OF"
36103,3652078,"NORTH GREAT RIVER, VILLAGE OF"
36103,3652188,"NORTH HAVEN, VILLAGE OF"
36103,3653198,"NORTH LINDENHURST, VILLAGE OF"
36103,3653319,"NORTH PATCHOGUE, VILLAGE OF"
36103,3653396,"NORTHPORT, VILLAGE OF"
36103,3653561,"NORTH SEA, VILLAGE OF"
36103,3653775,"NORTHVILLE, VILLAGE OF"
36103,3653852,"NORTHWEST HARBOR, VILLAGE OF"
36103,3654056,"NOYACK, VILLAGE OF"
36103,3654112,"OAK BEACH-CAPTREE, VILLAGE OF"
36103,3654144,"OAKDALE, VILLAGE OF"
36103,3654430,"OCEAN BEACH, VILLAGE OF"
36103,3654551,"OLD BETHPAGE, VILLAGE OF"
36103,3654617,"OLD FIELD, VILLAGE OF"
36103,3655321,"ORIENT, VILLAGE OF"
36103,3656660,"PATCHOGUE, VILLAGE OF"
36103,3656968,"PECONIC, VILLAGE OF"
36103,3658442,"PLAINVIEW, VILLAGE OF"
36103,3610359106,"POOSPATUCK, TOWN OF"
36103,3659157,"POQUOTT, VILLAGE OF"
36103,3659377,"PORT JEFFERSON STATION, VILLAGE OF"
36103,3659355,"PORT JEFFERSON, VILLAGE OF"
36103,3660408,"QUIOGUE, VILLAGE OF"
36103,3660422,"QUOGUE, VILLAGE OF"
36103,3661142,"REMSENBURG-SPEONK, VILLAGE OF"
36103,3661665,"RIDGE, VILLAGE OF"
36103,3610361984,"RIVERHEAD, TOWN OF"
36103,3661973,"RIVERHEAD, VILLAGE OF"
36103,3662066,"RIVERSIDE, VILLAGE OF"
36103,3663319,"ROCKY POINT, VILLAGE OF"
36103,3663473,"RONKONKOMA, VILLAGE OF"
36103,3664452,"SAGAPONACK, VILLAGE OF"
36103,3664485,"SAG HARBOR, VILLAGE OF"
36103,3664881,"SALTAIRE, VILLAGE OF"
36103,3665409,"SAYVILLE, VILLAGE OF"
36103,3666212,"SELDEN, VILLAGE OF"
36103,3666481,"SETAUKET-EAST SETAUKET, VILLAGE OF"
36103,3666850,"SHELTER ISLAND HEIGHTS, VILLAGE OF"
36103,3610366839,"SHELTER ISLAND, TOWN OF"
36103,3666828,"SHELTER ISLAND, VILLAGE OF"
36103,3667048,"SHINNECOCK HILLS, VILLAGE OF"
36103,3610367059,"SHINNECOCK, TOWN OF"
36103,3667070,"SHIRLEY, VILLAGE OF"
36103,3667191,"SHOREHAM, VILLAGE OF"
36103,3610368000,"SMITHTOWN, TOWN OF"
36103,3667851,"SMITHTOWN, VILLAGE OF"
36103,3668374,"SOUND BEACH, VILLAGE OF"
36103,3610368473,"SOUTHAMPTON, TOWN OF"
36103,3668462,"SOUTHAMPTON, VILLAGE OF"
36103,3669001,"SOUTH FARMINGDALE, VILLAGE OF"
36103,3669254,"SOUTH HUNTINGTON, VILLAGE OF"
36103,3610369463,"SOUTHOLD, TOWN OF"
36103,3669452,"SOUTHOLD, VILLAGE OF"
36103,3670387,"SPRINGS, VILLAGE OF"
36103,3664584,"ST. JAMES, VILLAGE OF"
36103,3671620,"STONY BROOK UNIVERSITY, VILLAGE OF"
36103,3671608,"STONY BROOK, VILLAGE OF"
36103,36103,SUFFOLK COUNTY
36103,3673352,"TERRYVILLE, VILLAGE OF"
36103,3675572,"TUCKAHOE, VILLAGE OF"
36103,3677519,"THE BRANCH, VILLAGE OF"
36103,3677772,"WADING RIVER, VILLAGE OF"
36103,3677805,"WAINSCOTT, VILLAGE OF"
36103,3678575,"WATER MILL, VILLAGE OF"
36103,3679246,"WEST BABYLON, VILLAGE OF"
36103,3679301,"WEST BAY SHORE, VILLAGE OF"
36103,3680181,"WESTHAMPTON BEACH, VILLAGE OF"
36103,3680186,"WEST HAMPTON DUNES, VILLAGE OF"
36103,3680170,"WESTHAMPTON, VILLAGE OF"
36103,3680258,"WEST HILLS, VILLAGE OF"
36103,3680302,"WEST ISLIP, VILLAGE OF"
36103,3680885,"WEST SAYVILLE, VILLAGE OF"
36103,3681419,"WHEATLEY HEIGHTS, VILLAGE OF"
36103,3682744,"WOODBURY, VILLAGE OF"
36103,3683294,"WYANDANCH, VILLAGE OF"
36103,3683426,"YAPHANK, VILLAGE OF"
36105,3610506310,"BETHEL, TOWN OF"
36105,3606959,"BLOOMINGBURG, VILLAGE OF"
36105,3610511759,"CALLICOON, TOWN OF"
36105,3611748,"CALLICOON, VILLAGE OF"
36105,3610516661,"COCHECTON, TOWN OF"
36105,3618762,"CRAGSMOOR, VILLAGE OF"
36105,3610520104,"DELAWARE, TOWN OF"
36105,3610525241,"FALLSBURG, TOWN OF"
36105,3610526528,"FORESTBURGH, TOWN OF"
36105,3610527573,"FREMONT, TOWN OF"
36105,3610534473,"HIGHLAND, TOWN OF"
36105,3635738,"HORTONVILLE, VILLAGE OF"
36105,3638506,"JEFFERSONVILLE, VILLAGE OF"
36105,3610542235,"LIBERTY, TOWN OF"
36105,3642224,"LIBERTY, VILLAGE OF"
36105,3642928,"LIVINGSTON MANOR, VILLAGE OF"
36105,3643038,"LOCH SHELDRAKE, VILLAGE OF"
36105,3610543786,"LUMBERLAND, TOWN OF"
36105,3610544809,"MAMAKATING, TOWN OF"
36105,3648175,"MONTICELLO, VILLAGE OF"
36105,3649473,"NARROWSBURG, VILLAGE OF"
36105,3610549847,"NEVERSINK, TOWN OF"
36105,3663132,"ROCK HILL, VILLAGE OF"
36105,3610563176,"ROCKLAND, TOWN OF"
36105,3663583,"ROSCOE, VILLAGE OF"
36105,3667730,"SMALLWOOD, VILLAGE OF"
36105,3668968,"SOUTH FALLSBURG, VILLAGE OF"
36105,36105,SULLIVAN COUNTY
36105,3610573627,"THOMPSON, TOWN OF"
36105,3610575759,"TUSTEN, TOWN OF"
36105,3682953,"WOODRIDGE, VILLAGE OF"
36105,3683272,"WURTSBORO, VILLAGE OF"
36107,3602308,"APALACHIN, VILLAGE OF"
36107,3610704671,"BARTON, TOWN OF"
36107,3610706145,"BERKSHIRE, TOWN OF"
36107,3610712221,"CANDOR, TOWN OF"
36107,3612210,"CANDOR, VILLAGE OF"
36107,3610749913,"NEWARK VALLEY, TOWN OF"
36107,3649902,"NEWARK VALLEY, VILLAGE OF"
36107,3610751121,"NICHOLS, TOWN OF"
36107,3651110,"NICHOLS, VILLAGE OF"
36107,3610755893,"OWEGO, TOWN OF"
36107,3655882,"OWEGO, VILLAGE OF"
36107,3610761511,"RICHFORD, TOWN OF"
36107,3610770178,"SPENCER, TOWN OF"
36107,3670167,"SPENCER, VILLAGE OF"
36107,36107,TIOGA COUNTY
36107,3610773968,"TIOGA, TOWN OF"
36107,3678806,"WAVERLY, VILLAGE OF"
36109,3610912606,"CAROLINE, TOWN OF"
36109,3613079,"CAYUGA HEIGHTS, VILLAGE OF"
36109,3610919620,"DANBY, TOWN OF"
36109,3610920962,"DRYDEN, TOWN OF"
36109,3620951,"DRYDEN, VILLAGE OF"
36109,3622326,"EAST ITHACA, VILLAGE OF"
36109,3610924548,"ENFIELD, TOWN OF"
36109,3626561,"FOREST HOME, VILLAGE OF"
36109,3627529,"FREEVILLE, VILLAGE OF"
36109,3610930972,"GROTON, TOWN OF"
36109,3630961,"GROTON, VILLAGE OF"
36109,3610938077,"ITHACA, CITY OF"
36109,3610938088,"ITHACA, TOWN OF"
36109,3638077,"ITHACA, VILLAGE OF"
36109,3610941234,"LANSING, TOWN OF"
36109,3641223,"LANSING, VILLAGE OF"
36109,3650257,"NEWFIELD HAMLET, VILLAGE OF"
36109,3610950254,"NEWFIELD, TOWN OF"
36109,3651915,"NORTHEAST ITHACA, VILLAGE OF"
36109,3653853,"NORTHWEST ITHACA, VILLAGE OF"
36109,3669199,"SOUTH HILL, VILLAGE OF"
36109,36109,TOMPKINS COUNTY
36109,3675506,"TRUMANSBURG, VILLAGE OF"
36109,3610975990,"ULYSSES, TOWN OF"
36111,3600155,"ACCORD, VILLAGE OF"
36111,3616452,"CLINTONDALE, VILLAGE OF"
36111,3618762,"CRAGSMOOR, VILLAGE OF"
36111,3611120247,"DENNING, TOWN OF"
36111,3622370,"EAST KINGSTON, VILLAGE OF"
36111,3623965,"ELLENVILLE, VILLAGE OF"
36111,3611124691,"ESOPUS, TOWN OF"
36111,3611128255,"GARDINER, TOWN OF"
36111,3628244,"GARDINER, VILLAGE OF"
36111,3629014,"GLASCO, VILLAGE OF"
36111,3611132116,"HARDENBURGH, TOWN OF"
36111,3634451,"HIGH FALLS, VILLAGE OF"
36111,3634484,"HIGHLAND, VILLAGE OF"
36111,3634786,"HILLSIDE, VILLAGE OF"
36111,3611137143,"HURLEY, TOWN OF"
36111,3637132,"HURLEY, VILLAGE OF"
36111,3639397,"KERHONKSON, VILLAGE OF"
36111,3611139727,"KINGSTON, CITY OF"
36111,3611139738,"KINGSTON, TOWN OF"
36111,3639727,"KINGSTON, VILLAGE OF"
36111,3640585,"LAKE KATRINE, VILLAGE OF"
36111,3642488,"LINCOLN PARK, VILLAGE OF"
36111,3611142994,"LLOYD, TOWN OF"
36111,3644677,"MALDEN-ON-HUDSON, VILLAGE OF"
36111,3611145458,"MARBLETOWN, TOWN OF"
36111,3611145722,"MARLBOROUGH, TOWN OF"
36111,3645700,"MARLBORO, VILLAGE OF"
36111,3647554,"MILTON, VILLAGE OF"
36111,3649418,"NAPANOCH, VILLAGE OF"
36111,3611150562,"NEW PALTZ, TOWN OF"
36111,3650551,"NEW PALTZ, VILLAGE OF"
36111,3611154749,"OLIVE, TOWN OF"
36111,3656132,"PALENVILLE, VILLAGE OF"
36111,3657650,"PHOENICIA, VILLAGE OF"
36111,3657980,"PINE BUSH, VILLAGE OF"
36111,3658057,"PINE HILL, VILLAGE OF"
36111,3611158552,"PLATTEKILL, TOWN OF"
36111,3658541,"PLATTEKILL, VILLAGE OF"
36111,3659311,"PORT EWEN, VILLAGE OF"
36111,3659641,"POUGHKEEPSIE, VILLAGE OF"
36111,3661797,"RIFTON, VILLAGE OF"
36111,3611163011,"ROCHESTER, TOWN OF"
36111,3663742,"ROSENDALE HAMLET, VILLAGE OF"
36111,3611163737,"ROSENDALE, TOWN OF"
36111,3665310,"SAUGERTIES SOUTH, VILLAGE OF"
36111,3611165299,"SAUGERTIES, TOWN OF"
36111,3665288,"SAUGERTIES, VILLAGE OF"
36111,3611166597,"SHANDAKEN, TOWN OF"
36111,3611166674,"SHAWANGUNK, TOWN OF"
36111,3667081,"SHOKAN, VILLAGE OF"
36111,3671597,"STONE RIDGE, VILLAGE OF"
36111,3673902,"TILLSON, VILLAGE OF"
36111,36111,ULSTER COUNTY
36111,3611175935,"ULSTER, TOWN OF"
36111,3677948,"WALKER VALLEY, VILLAGE OF"
36111,3678003,"WALLKILL, VILLAGE OF"
36111,3678487,"WATCHTOWER, VILLAGE OF"
36111,3611178828,"WAWARSING, TOWN OF"
36111,3680291,"WEST HURLEY, VILLAGE OF"
36111,3611183052,"WOODSTOCK, TOWN OF"
36111,3683041,"WOODSTOCK, VILLAGE OF"
36111,3684187,"ZENA, VILLAGE OF"
36113,3607245,"BOLTON LANDING, VILLAGE OF"
36113,3611307234,"BOLTON, TOWN OF"
36113,3611315319,"CHESTER, TOWN OF"
36113,3615363,"CHESTERTOWN, VILLAGE OF"
36113,3618212,"CORINTH, VILLAGE OF"
36113,3611329333,"GLENS FALLS, CITY OF"
36113,3629338,"GLENS FALLS NORTH, VILLAGE OF"
36113,3629333,"GLENS FALLS, VILLAGE OF"
36113,3631258,"HADLEY, VILLAGE OF"
36113,3611331335,"HAGUE, TOWN OF"
36113,3611335639,"HORICON, TOWN OF"
36113,3635980,"HUDSON FALLS, VILLAGE OF"
36113,3611338715,"JOHNSBURG, TOWN OF"
36113,3611340519,"LAKE GEORGE, TOWN OF"
36113,3640508,"LAKE GEORGE, VILLAGE OF"
36113,3611340662,"LAKE LUZERNE, TOWN OF"
36113,3640651,"LAKE LUZERNE, VILLAGE OF"
36113,3651847,"NORTH CREEK, VILLAGE OF"
36113,3659619,"POTTERSVILLE, VILLAGE OF"
36113,3611360356,"QUEENSBURY, TOWN OF"
36113,3669078,"SOUTH GLENS FALLS, VILLAGE OF"
36113,3611371641,"STONY CREEK, TOWN OF"
36113,3611373814,"THURMAN, TOWN OF"
36113,36113,WARREN COUNTY
36113,3611378300,"WARRENSBURG, TOWN OF"
36113,3678289,"WARRENSBURG, VILLAGE OF"
36113,3680082,"WEST GLENS FALLS, VILLAGE OF"
36115,3611502561,"ARGYLE, TOWN OF"
36115,3602550,"ARGYLE, VILLAGE OF"
36115,3611511836,"CAMBRIDGE, TOWN OF"
36115,3611825,"CAMBRIDGE, VILLAGE OF"
36115,3611520885,"DRESDEN, TOWN OF"
36115,3611522656,"EASTON, TOWN OF"
36115,3611526715,"FORT ANN, TOWN OF"
36115,3626704,"FORT ANN, VILLAGE OF"
36115,3611526781,"FORT EDWARD, TOWN OF"
36115,3626770,"FORT EDWARD, VILLAGE OF"
36115,3611530037,"GRANVILLE, TOWN OF"
36115,3630026,"GRANVILLE, VILLAGE OF"
36115,3611530686,"GREENWICH, TOWN OF"
36115,3630675,"GREENWICH, VILLAGE OF"
36115,3611531885,"HAMPTON, TOWN OF"
36115,3611532457,"HARTFORD, TOWN OF"
36115,3611533040,"HEBRON, TOWN OF"
36115,3635980,"HUDSON FALLS, VILLAGE OF"
36115,3611538143,"JACKSON, TOWN OF"
36115,3611539650,"KINGSBURY, TOWN OF"
36115,3611560092,"PUTNAM, TOWN OF"
36115,3611564782,"SALEM, TOWN OF"
36115,3664771,"SALEM, VILLAGE OF"
36115,3665750,"SCHUYLERVILLE, VILLAGE OF"
36115,3671322,"STILLWATER, VILLAGE OF"
36115,36115,WASHINGTON COUNTY
36115,3611581578,"WHITE CREEK, TOWN OF"
36115,3611581633,"WHITEHALL, TOWN OF"
36115,3681622,"WHITEHALL, VILLAGE OF"
36117,3611702440,"ARCADIA, TOWN OF"
36117,3611711473,"BUTLER, TOWN OF"
36117,3616573,"CLYDE, VILLAGE OF"
36117,3611700000,"COUNTY SUBDIVISIONS NOT DEFINED, TOWN OF"
36117,3611728013,"GALEN, TOWN OF"
36117,3611737165,"HURON, TOWN OF"
36117,3611743973,"LYONS, TOWN OF"
36117,3643962,"LYONS, VILLAGE OF"
36117,3611744160,"MACEDON, TOWN OF"
36117,3644149,"MACEDON, VILLAGE OF"
36117,3611745645,"MARION, TOWN OF"
36117,3645634,"MARION, VILLAGE OF"
36117,3649891,"NEWARK, VILLAGE OF"
36117,3653462,"NORTH ROSE, VILLAGE OF"
36117,3611755013,"ONTARIO, TOWN OF"
36117,3655002,"ONTARIO, VILLAGE OF"
36117,3611756198,"PALMYRA, TOWN OF"
36117,3656187,"PALMYRA, VILLAGE OF"
36117,3659322,"PORT GIBSON, VILLAGE OF"
36117,3659993,"PULTNEYVILLE, VILLAGE OF"
36117,3660829,"RED CREEK, VILLAGE OF"
36117,3611763605,"ROSE, TOWN OF"
36117,3611765343,"SAVANNAH, TOWN OF"
36117,3665332,"SAVANNAH, VILLAGE OF"
36117,3668242,"SODUS POINT, VILLAGE OF"
36117,3611768220,"SODUS, TOWN OF"
36117,3668209,"SODUS, VILLAGE OF"
36117,3611778102,"WALWORTH, TOWN OF"
36117,36117,WAYNE COUNTY
36117,3611782040,"WILLIAMSON, TOWN OF"
36117,3682029,"WILLIAMSON, VILLAGE OF"
36117,3611782689,"WOLCOTT, TOWN OF"
36117,3682678,"WOLCOTT, VILLAGE OF"
36119,3602506,"ARDSLEY, VILLAGE OF"
36119,3602649,"ARMONK, VILLAGE OF"
36119,3605342,"BEDFORD HILLS, VILLAGE OF"
36119,3611905320,"BEDFORD, TOWN OF"
36119,3605309,"BEDFORD, VILLAGE OF"
36119,3608103,"BRIARCLIFF MANOR, VILLAGE OF"
36119,3608532,"BRONXVILLE, VILLAGE OF"
36119,3610341,"BUCHANAN, VILLAGE OF"
36119,3613805,"CHAPPAQUA, VILLAGE OF"
36119,3611918410,"CORTLANDT, TOWN OF"
36119,3619092,"CROMPOND, VILLAGE OF"
36119,3619213,"CROTON-ON-HUDSON, VILLAGE OF"
36119,3619290,"CRUGERS, VILLAGE OF"
36119,3620698,"DOBBS FERRY, VILLAGE OF"
36119,3611921820,"EASTCHESTER, TOWN OF"
36119,3621809,"EASTCHESTER, VILLAGE OF"
36119,3624295,"ELMSFORD, VILLAGE OF"
36119,3625120,"FAIRVIEW, VILLAGE OF"
36119,3629476,"GOLDEN'S BRIDGE, VILLAGE OF"
36119,3611930367,"GREENBURGH, TOWN OF"
36119,3630642,"GREENVILLE, VILLAGE OF"
36119,3611932413,"HARRISON, TOWN OF"
36119,3632402,"HARRISON, VILLAGE OF"
36119,3632523,"HARTSDALE, VILLAGE OF"
36119,3632710,"HASTINGS-ON-HUDSON, VILLAGE OF"
36119,3632754,"HAVERSTRAW, VILLAGE OF"
36119,3632842,"HAWTHORNE, VILLAGE OF"
36119,3634118,"HERITAGE HILLS, VILLAGE OF"
36119,3637803,"IRVINGTON, VILLAGE OF"
36119,3638500,"JEFFERSON VALLEY-YORKTOWN, VILLAGE OF"
36119,3638946,"KATONAH, VILLAGE OF"
36119,3640689,"LAKE MOHEGAN, VILLAGE OF"
36119,3641333,"LARCHMONT, VILLAGE OF"
36119,3611942136,"LEWISBORO, TOWN OF"
36119,3642455,"LINCOLNDALE, VILLAGE OF"
36119,3644534,"MAHOPAC, VILLAGE OF"
36119,3611944842,"MAMARONECK, TOWN OF"
36119,3644831,"MAMARONECK, VILLAGE OF"
36119,3648208,"MONTROSE, VILLAGE OF"
36119,3611948895,"MOUNT KISCO, TOWN OF"
36119,3648890,"MOUNT KISCO, VILLAGE OF"
36119,3611949011,"MOUNT PLEASANT, TOWN OF"
36119,3611949121,"MOUNT VERNON, CITY OF"
36119,3649121,"MOUNT VERNON, VILLAGE OF"
36119,3611950078,"NEW CASTLE, TOWN OF"
36119,3611950617,"NEW ROCHELLE, CITY OF"
36119,3650617,"NEW ROCHELLE, VILLAGE OF"
36119,3651000,"NEW YORK, VILLAGE OF"
36119,3611951693,"NORTH CASTLE, TOWN OF"
36119,3611953517,"NORTH SALEM, TOWN OF"
36119,3654100,"NYACK, VILLAGE OF"
36119,3611955541,"OSSINING, TOWN OF"
36119,3655530,"OSSINING, VILLAGE OF"
36119,3656869,"PEACH LAKE, VILLAGE OF"
36119,3611956979,"PEEKSKILL, CITY OF"
36119,3656979,"PEEKSKILL, VILLAGE OF"
36119,3657023,"PELHAM MANOR, VILLAGE OF"
36119,3611957012,"PELHAM, TOWN OF"
36119,3657001,"PELHAM, VILLAGE OF"
36119,3658728,"PLEASANTVILLE, VILLAGE OF"
36119,3659223,"PORT CHESTER, VILLAGE OF"
36119,3611959685,"POUND RIDGE, TOWN OF"
36119,3664325,"RYE BROOK, VILLAGE OF"
36119,3611964309,"RYE, CITY OF"
36119,3611964320,"RYE, TOWN OF"
36119,3664309,"RYE, VILLAGE OF"
36119,3611965442,"SCARSDALE, TOWN OF"
36119,3665431,"SCARSDALE, VILLAGE OF"
36119,3665948,"SCOTTS CORNERS, VILLAGE OF"
36119,3666872,"SHENOROCK, VILLAGE OF"
36119,3667279,"SHRUB OAK, VILLAGE OF"
36119,3667638,"SLEEPY HOLLOW, VILLAGE OF"
36119,3611968308,"SOMERS, TOWN OF"
36119,3669441,"SOUTH NYACK, VILLAGE OF"
36119,3671663,"STONY POINT, VILLAGE OF"
36119,3673176,"TARRYTOWN, VILLAGE OF"
36119,3673715,"THORNWOOD, VILLAGE OF"
36119,3675583,"TUCKAHOE, VILLAGE OF"
36119,3676386,"UPPER NYACK, VILLAGE OF"
36119,3676639,"VALHALLA, VILLAGE OF"
36119,3677211,"VERPLANCK, VILLAGE OF"
36119,36119,WESTCHESTER COUNTY
36119,3611981677,"WHITE PLAINS, CITY OF"
36119,3681677,"WHITE PLAINS, VILLAGE OF"
36119,3611984000,"YONKERS, CITY OF"
36119,3684000,"YONKERS, VILLAGE OF"
36119,3684088,"YORKTOWN HEIGHTS, VILLAGE OF"
36119,3611984077,"YORKTOWN, TOWN OF"
36121,3612102418,"ARCADE, TOWN OF"
36121,3602407,"ARCADE, VILLAGE OF"
36121,3612103012,"ATTICA, TOWN OF"
36121,3603001,"ATTICA, VILLAGE OF"
36121,3612105936,"BENNINGTON, TOWN OF"
36121,3606904,"BLISS, VILLAGE OF"
36121,3612112782,"CASTILE, TOWN OF"
36121,3612771,"CASTILE, VILLAGE OF"
36121,3612118696,"COVINGTON, TOWN OF"
36121,3612121369,"EAGLE, TOWN OF"
36121,3612127980,"GAINESVILLE, TOWN OF"
36121,3627969,"GAINESVILLE, VILLAGE OF"
36121,3612128596,"GENESEE FALLS, TOWN OF"
36121,3612138341,"JAVA, TOWN OF"
36121,3612146877,"MIDDLEBURY, TOWN OF"
36121,3612155222,"ORANGEVILLE, TOWN OF"
36121,3656781,"PAVILION, VILLAGE OF"
36121,3612157254,"PERRY, TOWN OF"
36121,3657243,"PERRY, VILLAGE OF"
36121,3612157826,"PIKE, TOWN OF"
36121,3657815,"PIKE, VILLAGE OF"
36121,3612166773,"SHELDON, TOWN OF"
36121,3667466,"SILVER SPRINGS, VILLAGE OF"
36121,3671817,"STRYKERSVILLE, VILLAGE OF"
36121,3612178344,"WARSAW, TOWN OF"
36121,3678333,"WARSAW, VILLAGE OF"
36121,3612181325,"WETHERSFIELD, TOWN OF"
36121,36121,WYOMING COUNTY
36121,3683371,"WYOMING, VILLAGE OF"
36121,3684044,"YORKSHIRE, VILLAGE OF"
36123,3612304594,"BARRINGTON, TOWN OF"
36123,3612306002,"BENTON, TOWN OF"
36123,3620896,"DRESDEN, VILLAGE OF"
36123,3621050,"DUNDEE, VILLAGE OF"
36123,3612338044,"ITALY, TOWN OF"
36123,3612338583,"JERUSALEM, TOWN OF"
36123,3639463,"KEUKA PARK, VILLAGE OF"
36123,3612347020,"MIDDLESEX, TOWN OF"
36123,3612347504,"MILO, TOWN OF"
36123,3657177,"PENN YAN, VILLAGE OF"
36123,3612359597,"POTTER, TOWN OF"
36123,3664199,"RUSHVILLE, VILLAGE OF"
36123,3612370816,"STARKEY, TOWN OF"
36123,3612375055,"TORREY, TOWN OF"
36123,36123,YATES COUNTY
